v,w,t
-2.9272645505479256e-15,-4.2404502218623685e-16,1579539746.3694005
-2.9272645505479256e-15,-4.2404502218623685e-16,1579539746.4193778
-2.9272645505479256e-15,-4.2404502218623685e-16,1579539746.4693382
-2.9272645505479256e-15,-4.2404502218623685e-16,1579539746.5193868
-2.9272645505479256e-15,-4.2404502218623685e-16,1579539746.5693758
-2.9272645505479256e-15,-4.2404502218623685e-16,1579539746.619375
-2.9272645505479256e-15,-4.2404502218623685e-16,1579539746.6693802
-2.9272645505479256e-15,-4.2404502218623685e-16,1579539746.7193778
-2.9272645505479256e-15,-4.2404502218623685e-16,1579539746.7693577
-2.9272645505479256e-15,-4.2404502218623685e-16,1579539746.819424
-2.9272645505479256e-15,-4.2404502218623685e-16,1579539746.8693783
-2.9272645505479256e-15,-4.2404502218623685e-16,1579539746.91938
-2.9272645505479256e-15,-4.2404502218623685e-16,1579539746.9693782
-2.9272645505479256e-15,-4.2404502218623685e-16,1579539747.0193791
-2.9272645505479256e-15,-4.2404502218623685e-16,1579539747.0694098
-2.9272645505479256e-15,-4.2404502218623685e-16,1579539747.1193776
-2.9272645505479256e-15,-4.2404502218623685e-16,1579539747.1693761
-2.9272645505479256e-15,-4.2404502218623685e-16,1579539747.2194488
-2.9272645505479256e-15,-4.2404502218623685e-16,1579539747.269473
-2.9272645505479256e-15,-4.2404502218623685e-16,1579539747.3193924
-2.9272645505479256e-15,-4.2404502218623685e-16,1579539747.369419
-2.9272645505479256e-15,-4.2404502218623685e-16,1579539747.419439
-2.9272645505479256e-15,-4.2404502218623685e-16,1579539747.4693818
-2.9272645505479256e-15,-4.2404502218623685e-16,1579539747.5194247
-2.9272645505479256e-15,-4.2404502218623685e-16,1579539747.5693789
-2.9272645505479256e-15,-4.2404502218623685e-16,1579539747.6194193
-2.9272645505479256e-15,-4.2404502218623685e-16,1579539747.669503
-2.9272645505479256e-15,-4.2404502218623685e-16,1579539747.719376
-2.9272645505479256e-15,-4.2404502218623685e-16,1579539747.769416
-2.9272645505479256e-15,-4.2404502218623685e-16,1579539747.8194427
-2.9272645505479256e-15,-4.2404502218623685e-16,1579539747.8693788
-2.9272645505479256e-15,-4.2404502218623685e-16,1579539747.9194274
-2.9272645505479256e-15,-4.2404502218623685e-16,1579539747.9693823
-2.9272645505479256e-15,-4.2404502218623685e-16,1579539748.0193782
-2.9272645505479256e-15,-4.2404502218623685e-16,1579539748.0693884
-2.9272645505479256e-15,-4.2404502218623685e-16,1579539748.1194263
-2.9272645505479256e-15,-4.2404502218623685e-16,1579539748.169381
-2.9272645505479256e-15,-4.2404502218623685e-16,1579539748.2194252
-2.9272645505479256e-15,-4.2404502218623685e-16,1579539748.269373
-2.9272645505479256e-15,-4.2404502218623685e-16,1579539748.31947
-2.9272645505479256e-15,-4.2404502218623685e-16,1579539748.3693786
-2.9272645505479256e-15,-4.2404502218623685e-16,1579539748.4193983
-2.9272645505479256e-15,-4.2404502218623685e-16,1579539748.4694235
-2.9272645505479256e-15,-4.2404502218623685e-16,1579539748.519428
-2.9272645505479256e-15,-4.2404502218623685e-16,1579539748.569421
-2.9272645505479256e-15,-4.2404502218623685e-16,1579539748.6194422
-2.9272645505479256e-15,-4.2404502218623685e-16,1579539748.6693752
-2.9272645505479256e-15,-4.2404502218623685e-16,1579539748.7193758
-2.9272645505479256e-15,-4.2404502218623685e-16,1579539748.769439
-2.9272645505479256e-15,-4.2404502218623685e-16,1579539748.8193758
-2.9272645505479256e-15,-4.2404502218623685e-16,1579539748.869395
-2.9272645505479256e-15,-4.2404502218623685e-16,1579539748.9194047
-2.9272645505479256e-15,-4.2404502218623685e-16,1579539748.969422
-2.9272645505479256e-15,-4.2404502218623685e-16,1579539749.0193772
-2.9272645505479256e-15,-4.2404502218623685e-16,1579539749.0694473
-2.9272645505479256e-15,-4.2404502218623685e-16,1579539749.11938
-2.9272645505479256e-15,-4.2404502218623685e-16,1579539749.1693776
-2.9272645505479256e-15,-4.2404502218623685e-16,1579539749.2193742
-2.9272645505479256e-15,-4.2404502218623685e-16,1579539749.2694323
-2.9272645505479256e-15,-4.2404502218623685e-16,1579539749.3193884
-2.9272645505479256e-15,-4.2404502218623685e-16,1579539749.3693943
-2.9272645505479256e-15,-4.2404502218623685e-16,1579539749.4194243
-2.9272645505479256e-15,-4.2404502218623685e-16,1579539749.469364
-2.9272645505479256e-15,-4.2404502218623685e-16,1579539749.519419
-2.9272645505479256e-15,-4.2404502218623685e-16,1579539749.5693793
-2.9272645505479256e-15,-4.2404502218623685e-16,1579539749.6194217
-2.9272645505479256e-15,-4.2404502218623685e-16,1579539749.669402
-2.9272645505479256e-15,-4.2404502218623685e-16,1579539749.7193775
-2.9272645505479256e-15,-4.2404502218623685e-16,1579539749.769381
-2.9272645505479256e-15,-4.2404502218623685e-16,1579539749.8193815
-2.9272645505479256e-15,-4.2404502218623685e-16,1579539749.8693779
-2.9272645505479256e-15,-4.2404502218623685e-16,1579539749.9193492
-2.9272645505479256e-15,-4.2404502218623685e-16,1579539749.9694397
-2.9272645505479256e-15,-4.2404502218623685e-16,1579539750.0194645
-2.9272645505479256e-15,-4.2404502218623685e-16,1579539750.0693758
-2.9272645505479256e-15,-4.2404502218623685e-16,1579539750.119421
-2.9272645505479256e-15,-4.2404502218623685e-16,1579539750.1693852
-2.9272645505479256e-15,-4.2404502218623685e-16,1579539750.2194054
-2.9272645505479256e-15,-4.2404502218623685e-16,1579539750.269381
-2.9272645505479256e-15,-4.2404502218623685e-16,1579539750.3193784
-2.9272645505479256e-15,-4.2404502218623685e-16,1579539750.3694344
-2.9272645505479256e-15,-4.2404502218623685e-16,1579539750.4193318
-2.9272645505479256e-15,-4.2404502218623685e-16,1579539750.4693813
-2.9272645505479256e-15,-4.2404502218623685e-16,1579539750.519401
-2.9272645505479256e-15,-4.2404502218623685e-16,1579539750.569477
-2.9272645505479256e-15,-4.2404502218623685e-16,1579539750.6194406
-2.9272645505479256e-15,-4.2404502218623685e-16,1579539750.669383
-2.9272645505479256e-15,-4.2404502218623685e-16,1579539750.7194395
-2.9272645505479256e-15,-4.2404502218623685e-16,1579539750.7694187
-2.9272645505479256e-15,-4.2404502218623685e-16,1579539750.819438
-2.9272645505479256e-15,-4.2404502218623685e-16,1579539750.8694243
-2.9272645505479256e-15,-4.2404502218623685e-16,1579539750.9193807
-2.9272645505479256e-15,-4.2404502218623685e-16,1579539750.9694254
-2.9272645505479256e-15,-4.2404502218623685e-16,1579539751.0193906
-2.9272645505479256e-15,-4.2404502218623685e-16,1579539751.0693758
-2.9272645505479256e-15,-4.2404502218623685e-16,1579539751.119396
-2.9272645505479256e-15,-4.2404502218623685e-16,1579539751.1693945
-2.9272645505479256e-15,-4.2404502218623685e-16,1579539751.2193816
-2.9272645505479256e-15,-4.2404502218623685e-16,1579539751.2693758
-2.9272645505479256e-15,-4.2404502218623685e-16,1579539751.3193762
-2.9272645505479256e-15,-4.2404502218623685e-16,1579539751.3694422
-2.9272645505479256e-15,-4.2404502218623685e-16,1579539751.4193764
-2.9272645505479256e-15,-4.2404502218623685e-16,1579539751.4694037
-2.9272645505479256e-15,-4.2404502218623685e-16,1579539751.519494
-2.9272645505479256e-15,-4.2404502218623685e-16,1579539751.5693803
-2.9272645505479256e-15,-4.2404502218623685e-16,1579539751.61942
-2.9272645505479256e-15,-4.2404502218623685e-16,1579539751.6701
-2.9272645505479256e-15,-4.2404502218623685e-16,1579539751.7193763
-2.9272645505479256e-15,-4.2404502218623685e-16,1579539751.7694192
-2.9272645505479256e-15,-4.2404502218623685e-16,1579539751.819413
-2.9272645505479256e-15,-4.2404502218623685e-16,1579539751.869378
-2.9272645505479256e-15,-4.2404502218623685e-16,1579539751.9194438
-2.9272645505479256e-15,-4.2404502218623685e-16,1579539751.9693785
-2.9272645505479256e-15,-4.2404502218623685e-16,1579539752.0194077
-2.9272645505479256e-15,-4.2404502218623685e-16,1579539752.069454
-2.9272645505479256e-15,-4.2404502218623685e-16,1579539752.1193762
-2.9272645505479256e-15,-4.2404502218623685e-16,1579539752.1694405
-2.9272645505479256e-15,-4.2404502218623685e-16,1579539752.2194185
-2.9272645505479256e-15,-4.2404502218623685e-16,1579539752.269385
-2.9272645505479256e-15,-4.2404502218623685e-16,1579539752.3194077
-2.9272645505479256e-15,-4.2404502218623685e-16,1579539752.3693752
-2.9272645505479256e-15,-4.2404502218623685e-16,1579539752.4193459
-2.9272645505479256e-15,-4.2404502218623685e-16,1579539752.4693825
-2.9272645505479256e-15,-4.2404502218623685e-16,1579539752.5194163
-2.9272645505479256e-15,-4.2404502218623685e-16,1579539752.5693772
-2.9272645505479256e-15,-4.2404502218623685e-16,1579539752.619377
-2.9272645505479256e-15,-4.2404502218623685e-16,1579539752.6694558
-2.9272645505479256e-15,-4.2404502218623685e-16,1579539752.7194502
-2.9272645505479256e-15,-4.2404502218623685e-16,1579539752.769376
-2.9272645505479256e-15,-4.2404502218623685e-16,1579539752.8194113
-2.9272645505479256e-15,-4.2404502218623685e-16,1579539752.8694031
6.545002503718411e-05,0.00012120375007385627,1579539752.919384
0.00013089951888013045,0.00024240651644968285,1579539752.9694295
0.00019634988546076652,0.0003636108990064163,1579539753.0194333
0.0002617993777790553,0.0004848136625588029,1579539753.0694478
-0.0003926948343409654,0.0019392452449950661,1579539753.119411
-0.0011126537413596689,0.003272502480214887,1579539753.1693764
-0.00183260171224331,0.004605739463332741,1579539753.2193758
-0.002552542021158198,0.0059389622576195705,1579539753.2693653
-0.0032724930262304714,0.007272204859605262,1579539753.319439
-0.0032724930262304714,0.007272204859605262,1579539753.3694544
-0.0033379430512705827,0.007151001109530982,1579539753.419377
-0.0034033925451135293,0.007029798343155156,1579539753.469407
-0.0034688429116941652,0.006908593960598422,1579539753.5194314
-0.003534292404012454,0.006787391197046036,1579539753.5693843
-0.0027488976395504067,0.00509055118434676,1579539753.6193984
-0.0011780962707590885,0.004848117618090485,1579539753.6693888
0.0003927022977370431,0.004605714734402929,1579539753.719376
0.001963493595049024,0.004363326540649487,1579539753.7693744
0.003534285929258631,0.00412090615549035,1579539753.8194225
0.006937689609660645,0.00048479111232782937,1579539753.869425
0.013744447699134372,0.0031512561758509057,1579539753.9194417
0.020551224837317885,0.005817728701438938,1579539753.9694295
0.027358033963213353,0.008484213757935125,1579539754.0194411
0.03416486438997131,0.011150707158660695,1579539754.0693786
0.04489860734947956,0.006544992647410409,1579539754.1193645
0.05713779627351111,0.004726945012558862,1579539754.1694052
0.0693769184711968,0.0029088902023444926,1579539754.2193768
0.08161597457090985,0.0010908385414042225,1579539754.269382
0.09385512881129753,-0.0007272056515144239,1579539754.319383
0.1080578237613272,-0.0061813934947217,1579539754.3693771
0.12651452015408354,-0.0037573524737839104,1579539754.4193785
0.14497146276638456,-0.0013332654640979282,1579539754.4693751
0.16342811817256817,0.0010907575889220408,1579539754.5193608
0.18188483272279674,0.003514788507093681,1579539754.56939
0.20871930632511,-0.009575197260538003,1579539754.6194546
0.2473347203047273,-0.0008485373027819539,1579539754.6693852
0.2859501627536989,0.007878114739739829,1579539754.7194402
0.3245655022251634,0.016604737034412374,1579539754.769378
0.3631817668520347,0.025331521066191326,1579539754.8193753
0.4040218886964989,0.029937335218078204,1579539754.8694198
0.4433581159293968,0.03175549710945531,1579539754.9193752
0.48269263154234027,0.033573450868635224,1579539754.969374
0.5220279930583442,0.03539151922492132,1579539755.0194416
0.5613630216437522,0.0372095443695534,1579539755.0694046
0.5971646327407473,0.045572511215464497,1579539755.119377
0.6196791195745038,0.029331264214516768,1579539755.1694322
0.6421591071546966,0.013093856215293728,1579539755.2194293
0.6647094716317816,-0.003151322012789757,1579539755.269375
0.6872223534288115,-0.01939260732860493,1579539755.3194358
0.7011639619917722,-0.019756275384562406,1579539755.3694232
0.7155618344610394,-0.019271573196719564,1579539755.4193873
0.7299616291632389,-0.018786671789973848,1579539755.4693727
0.7443618833806652,-0.018301735266375744,1579539755.5195348
0.758760749324362,-0.017816925298986215,1579539755.5694191
0.77224334304827,-0.015635232475842233,1579539755.619376
0.7861832432421825,-0.01260510283396934,1579539755.6694272
0.8001588371211856,-0.009578876363472436,1579539755.7194598
0.8140646290937262,-0.00654487758588898,1579539755.7693803
0.8280062440507979,-0.0035148903494062332,1579539755.8193831
0.8435175418996029,-0.0033936660051307158,1579539755.86942
0.8526156173820124,-0.015150366018553477,1579539755.919418
0.861713509809855,-0.026907125073132886,1579539755.9693766
0.8708101014343237,-0.03866397000362586,1579539756.0193927
0.8799074297667652,-0.0504206165983673,1579539756.0693755
0.8831143719480576,-0.05126903440764458,1579539756.1193984
0.8904458013229267,-0.04448170964814638,1579539756.1694
0.8977759118714643,-0.03769431860851061,1579539756.2194417
0.9051059826799753,-0.03090689750113956,1579539756.2694209
0.912436046615153,-0.024119525360005167,1579539756.3194494
0.9236288408614264,-0.024483180378468375,1579539756.3694103
0.9370454952494311,-0.020725865071698525,1579539756.4193892
0.9504612708819401,-0.016968531763320686,1579539756.4694204
0.9638794753217378,-0.013211223870757752,1579539756.5194044
0.977297393725347,-0.00945395365087685,1579539756.5694354
0.994706495095961,-0.013090001798484751,1579539756.619441
1.0136214399089907,-0.01393842546934646,1579539756.669425
1.032537399540311,-0.014786841122050726,1579539756.71943
1.0514525101637184,-0.015635265889868983,1579539756.7693746
1.0703668148076793,-0.016483689157479962,1579539756.819424
1.0927494695474755,-0.023755815951949005,1579539756.8694334
1.1184067288248964,-0.02496785972842253,1579539756.91945
1.1440646054551458,-0.026179907452190065,1579539756.9693792
1.1697190474355788,-0.027391924209839075,1579539757.0194285
1.1953749224278485,-0.02860395154500279,1579539757.069376
1.2190037623542178,-0.026058789680794038,1579539757.119381
1.2405371867215693,-0.02739202783574972,1579539757.1694198
1.2620707254216454,-0.02872527580421388,1579539757.2193775
1.2836023190359018,-0.030058509884074578,1579539757.2694392
1.3051354699390334,-0.031391735129163705,1579539757.3194017
1.3254256398122302,-0.03042217269467877,1579539757.3693807
1.337991486184575,-0.04375453827412671,1579539757.4193854
1.3505583126670087,-0.05708701307706062,1579539757.469393
1.3631249233742342,-0.07041934622116783,1579539757.5194378
1.375692546483378,-0.08375181199750564,1579539757.5693758
1.3898274970071136,-0.09999281268160641,1579539757.6193469
1.3916597773654134,-0.13902030792566283,1579539757.669377
1.3934918927440747,-0.1780480317421554,1579539757.7194045
1.3953248319860287,-0.21707530504668204,1579539757.7693777
1.397157795224093,-0.25610261311629995,1579539757.8194287
1.3897619239071943,-0.27804048586995667,1579539757.8694239
1.3852457449440643,-0.29464531744261757,1579539757.9194307
1.3807290466276616,-0.3112501549275415,1579539757.9694297
1.3762130552970935,-0.3278549723238494,1579539758.0194423
1.3716965279109623,-0.3444598225305419,1579539758.0694394
1.3517350705430975,-0.33246082924848636,1579539758.1194348
1.3474817827018075,-0.29137286433482357,1579539758.169378
1.3432261914221435,-0.2502846827759435,1579539758.2193787
1.3389726925578727,-0.20919695722694887,1579539758.26944
1.3347191486754968,-0.16810919563158283,1579539758.3194408
1.3228719394461863,-0.11296163522715322,1579539758.3694565
1.307360769650365,-0.06460147360412727,1579539758.4193947
1.2918493852770594,-0.01624115788915681,1579539758.4693751
1.2763388399056077,0.032118988347970535,1579539758.5193942
1.2608265386867865,0.08047915971533856,1579539758.5693767
1.2493078859773525,0.12144596831774582,1579539758.6193562
1.2252205153501996,0.13914150151865265,1579539758.6694517
1.2011352688784147,0.15683716130410683,1579539758.7193673
1.1770499409637243,0.1745328870425063,1579539758.7694426
1.1529659759024284,0.19222886396848482,1579539758.8193781
1.1271116829514047,0.21319622744242717,1579539758.8694162
1.094452871515135,0.22155949349781318,1579539758.919421
1.0617931822296682,0.22992254887884847,1579539758.9693766
1.0291328409183744,0.23828542816659395,1579539759.0193841
0.996473391939649,0.24664840986636502,1579539759.0694218
0.9615882102428853,0.25913223603491126,1579539759.1194277
0.9187201979366474,0.25682971587915365,1579539759.1693819
0.8758506040393391,0.25452684465321146,1579539759.2193766
0.8329804607089178,0.25222386617768006,1579539759.2694192
0.7901088823563229,0.24992063698466555,1579539759.3194423
0.758564513407912,0.22665060988134755,1579539759.3693779
0.7266238700443186,0.20265206178184048,1579539759.4194262
0.6946838049741465,0.17865368546370208,1579539759.4694917
0.6627451039822039,0.1546554888328967,1579539759.5193758
0.630805599304514,0.13065731689678378,1579539759.5694
0.6084875192144639,0.08884218052485923,1579539759.6193774
0.591469982272259,0.056844236893620184,1579539759.6693766
0.5744529638425009,0.024846666336517775,1579539759.7194383
0.5574361099149188,-0.0071508750905482504,1579539759.7694197
0.5404196860661509,-0.03914855092920225,1579539759.819377
0.5172499339884753,-0.0597532512908479,1579539759.8693848
0.5010841975762929,-0.06738909617431542,1579539759.9193902
0.48491817409188775,-0.07502488777289056,1579539759.9694576
0.4687515251021031,-0.08266072064016702,1579539760.0194228
0.4525858263734466,-0.09029653722783187,1579539760.069396
0.4264709717734643,-0.07950946855895899,1579539760.1194313
0.40016014386375365,-0.0690859592220961,1579539760.1693823
0.37384957004157454,-0.05866254586275149,1579539760.2193787
0.3475387600873139,-0.04823908217396812,1579539760.2693799
0.32122797120856,-0.03781557822555297,1579539760.3193765
0.29328084599991283,-0.024362125853159926,1579539760.369458
0.26009759132617133,-0.020604791470928627,1579539760.419434
0.22691468812237525,-0.016847531424487746,1579539760.4693763
0.19373153610250982,-0.013090199237293734,1579539760.5194075
0.1605484741477411,-0.009332913315835759,1579539760.5693748
0.1322088137475143,-0.014544659272539302,1579539760.6193764
0.10877758732604438,-0.010666118388939784,1579539760.6694221
0.08534654134795383,-0.006787605959662189,1579539760.719443
0.06191570954223239,-0.0029091352149667044,1579539760.7694154
0.038484418654165464,0.0009694165234700818,1579539760.8194222
0.024151042686050506,-0.011999226117680464,1579539760.869458
0.018391447626213475,-0.009090339723794656,1579539760.919381
0.01263181012109987,-0.006181431892900456,1579539760.9694147
0.006872261118572151,-0.003272568760291572,1579539761.0194573
0.0011126197198097487,-0.00036365896297512737,1579539761.0693777
-0.0011126493529464848,-0.003999719539361817,1579539761.119376
-0.0009162986115208079,-0.0031512904098148077,1579539761.1694174
-0.0007199496947972459,-0.0023028691647129966,1579539761.2193763
-0.0005236011951793446,-0.0014544497219195964,1579539761.2694361
-0.00032724995415625785,-0.0006060184336184013,1579539761.319448
-2.503314396051781e-15,-3.3751213629473753e-16,1579539761.3693957
-2.503314396051781e-15,-3.3751213629473753e-16,1579539761.4194193
-2.503314396051781e-15,-3.3751213629473753e-16,1579539761.4694297
-2.503314396051781e-15,-3.3751213629473753e-16,1579539761.5194242
-2.503314396051781e-15,-3.3751213629473753e-16,1579539761.569375
-2.503314396051781e-15,-3.3751213629473753e-16,1579539761.6194425
-2.503314396051781e-15,-3.3751213629473753e-16,1579539761.669381
-2.503314396051781e-15,-3.3751213629473753e-16,1579539761.7194903
-2.503314396051781e-15,-3.3751213629473753e-16,1579539761.7694228
-2.503314396051781e-15,-3.3751213629473753e-16,1579539761.8194005
-2.503314396051781e-15,-3.3751213629473753e-16,1579539761.8694348
-2.503314396051781e-15,-3.3751213629473753e-16,1579539761.9193532
-2.503314396051781e-15,-3.3751213629473753e-16,1579539761.9693744
-2.503314396051781e-15,-3.3751213629473753e-16,1579539762.019389
-2.503314396051781e-15,-3.3751213629473753e-16,1579539762.069387
-2.503314396051781e-15,-3.3751213629473753e-16,1579539762.119376
-2.503314396051781e-15,-3.3751213629473753e-16,1579539762.1694522
-2.503314396051781e-15,-3.3751213629473753e-16,1579539762.219384
-2.503314396051781e-15,-3.3751213629473753e-16,1579539762.269491
-2.503314396051781e-15,-3.3751213629473753e-16,1579539762.3194277
-2.503314396051781e-15,-3.3751213629473753e-16,1579539762.3693793
-2.503314396051781e-15,-3.3751213629473753e-16,1579539762.4194088
-2.503314396051781e-15,-3.3751213629473753e-16,1579539762.4694195
-2.503314396051781e-15,-3.3751213629473753e-16,1579539762.5193906
-2.503314396051781e-15,-3.3751213629473753e-16,1579539762.5693784
-2.503314396051781e-15,-3.3751213629473753e-16,1579539762.6193693
-2.503314396051781e-15,-3.3751213629473753e-16,1579539762.669435
-2.503314396051781e-15,-3.3751213629473753e-16,1579539762.7194388
-2.503314396051781e-15,-3.3751213629473753e-16,1579539762.7694275
-2.503314396051781e-15,-3.3751213629473753e-16,1579539762.8194184
-2.503314396051781e-15,-3.3751213629473753e-16,1579539762.8694203
-2.503314396051781e-15,-3.3751213629473753e-16,1579539762.9194536
-2.503314396051781e-15,-3.3751213629473753e-16,1579539762.9693792
-2.503314396051781e-15,-3.3751213629473753e-16,1579539763.0194178
-2.503314396051781e-15,-3.3751213629473753e-16,1579539763.0693796
-2.503314396051781e-15,-3.3751213629473753e-16,1579539763.1194003
-2.503314396051781e-15,-3.3751213629473753e-16,1579539763.1693795
-2.503314396051781e-15,-3.3751213629473753e-16,1579539763.219376
-2.503314396051781e-15,-3.3751213629473753e-16,1579539763.269375
-2.503314396051781e-15,-3.3751213629473753e-16,1579539763.319374
-2.503314396051781e-15,-3.3751213629473753e-16,1579539763.3694508
-2.503314396051781e-15,-3.3751213629473753e-16,1579539763.4194696
-2.503314396051781e-15,-3.3751213629473753e-16,1579539763.4694395
-2.503314396051781e-15,-3.3751213629473753e-16,1579539763.5194206
-2.503314396051781e-15,-3.3751213629473753e-16,1579539763.5694177
-2.503314396051781e-15,-3.3751213629473753e-16,1579539763.6193783
-2.503314396051781e-15,-3.3751213629473753e-16,1579539763.6694188
-2.503314396051781e-15,-3.3751213629473753e-16,1579539763.719459
-2.503314396051781e-15,-3.3751213629473753e-16,1579539763.7693772
-2.503314396051781e-15,-3.3751213629473753e-16,1579539763.8194442
-2.503314396051781e-15,-3.3751213629473753e-16,1579539763.8693774
-2.503314396051781e-15,-3.3751213629473753e-16,1579539763.9194531
-2.503314396051781e-15,-3.3751213629473753e-16,1579539763.9693806
-2.503314396051781e-15,-3.3751213629473753e-16,1579539764.0194194
-2.503314396051781e-15,-3.3751213629473753e-16,1579539764.0693762
-2.503314396051781e-15,-3.3751213629473753e-16,1579539764.1194072
-2.503314396051781e-15,-3.3751213629473753e-16,1579539764.169409
-2.503314396051781e-15,-3.3751213629473753e-16,1579539764.2193809
-2.503314396051781e-15,-3.3751213629473753e-16,1579539764.26938
-2.503314396051781e-15,-3.3751213629473753e-16,1579539764.3194191
-2.503314396051781e-15,-3.3751213629473753e-16,1579539764.3693814
-2.503314396051781e-15,-3.3751213629473753e-16,1579539764.4194386
-2.503314396051781e-15,-3.3751213629473753e-16,1579539764.469414
-2.503314396051781e-15,-3.3751213629473753e-16,1579539764.51943
-2.503314396051781e-15,-3.3751213629473753e-16,1579539764.5693686
-2.503314396051781e-15,-3.3751213629473753e-16,1579539764.6193817
-2.503314396051781e-15,-3.3751213629473753e-16,1579539764.6693752
-2.503314396051781e-15,-3.3751213629473753e-16,1579539764.7195277
-2.503314396051781e-15,-3.3751213629473753e-16,1579539764.7693784
-2.503314396051781e-15,-3.3751213629473753e-16,1579539764.8194304
-2.503314396051781e-15,-3.3751213629473753e-16,1579539764.86947
-2.503314396051781e-15,-3.3751213629473753e-16,1579539764.9193785
-2.503314396051781e-15,-3.3751213629473753e-16,1579539764.9693832
-2.503314396051781e-15,-3.3751213629473753e-16,1579539765.0194511
-2.503314396051781e-15,-3.3751213629473753e-16,1579539765.0694294
-2.503314396051781e-15,-3.3751213629473753e-16,1579539765.1194515
-2.503314396051781e-15,-3.3751213629473753e-16,1579539765.1694248
-2.503314396051781e-15,-3.3751213629473753e-16,1579539765.2193787
-2.503314396051781e-15,-3.3751213629473753e-16,1579539765.2693932
-2.503314396051781e-15,-3.3751213629473753e-16,1579539765.3194356
-2.503314396051781e-15,-3.3751213629473753e-16,1579539765.3693798
-2.503314396051781e-15,-3.3751213629473753e-16,1579539765.419406
-2.503314396051781e-15,-3.3751213629473753e-16,1579539765.4693809
-2.503314396051781e-15,-3.3751213629473753e-16,1579539765.5194187
-2.503314396051781e-15,-3.3751213629473753e-16,1579539765.5693786
-2.503314396051781e-15,-3.3751213629473753e-16,1579539765.6194258
-2.503314396051781e-15,-3.3751213629473753e-16,1579539765.6694334
-2.503314396051781e-15,-3.3751213629473753e-16,1579539765.7194643
-2.503314396051781e-15,-3.3751213629473753e-16,1579539765.7693748
-2.503314396051781e-15,-3.3751213629473753e-16,1579539765.819416
-2.503314396051781e-15,-3.3751213629473753e-16,1579539765.8694918
-2.503314396051781e-15,-3.3751213629473753e-16,1579539765.9193747
-2.503314396051781e-15,-3.3751213629473753e-16,1579539765.9694865
-2.503314396051781e-15,-3.3751213629473753e-16,1579539766.0193963
-2.503314396051781e-15,-3.3751213629473753e-16,1579539766.069447
-2.503314396051781e-15,-3.3751213629473753e-16,1579539766.1194081
-2.503314396051781e-15,-3.3751213629473753e-16,1579539766.1694107
-2.503314396051781e-15,-3.3751213629473753e-16,1579539766.219356
-2.503314396051781e-15,-3.3751213629473753e-16,1579539766.2693777
-2.503314396051781e-15,-3.3751213629473753e-16,1579539766.319378
-2.503314396051781e-15,-3.3751213629473753e-16,1579539766.369376
-2.503314396051781e-15,-3.3751213629473753e-16,1579539766.419376
-2.503314396051781e-15,-3.3751213629473753e-16,1579539766.46936
-2.503314396051781e-15,-3.3751213629473753e-16,1579539766.5193803
-2.503314396051781e-15,-3.3751213629473753e-16,1579539766.5694695
-2.503314396051781e-15,-3.3751213629473753e-16,1579539766.6193767
-2.503314396051781e-15,-3.3751213629473753e-16,1579539766.669376
-2.503314396051781e-15,-3.3751213629473753e-16,1579539766.7194793
-2.503314396051781e-15,-3.3751213629473753e-16,1579539766.7693796
-2.503314396051781e-15,-3.3751213629473753e-16,1579539766.8193946
-2.503314396051781e-15,-3.3751213629473753e-16,1579539766.8694367
-2.503314396051781e-15,-3.3751213629473753e-16,1579539766.9193742
-2.503314396051781e-15,-3.3751213629473753e-16,1579539766.969375
-2.503314396051781e-15,-3.3751213629473753e-16,1579539767.0194328
-2.503314396051781e-15,-3.3751213629473753e-16,1579539767.0694513
-2.503314396051781e-15,-3.3751213629473753e-16,1579539767.1193836
-2.503314396051781e-15,-3.3751213629473753e-16,1579539767.169377
-2.503314396051781e-15,-3.3751213629473753e-16,1579539767.2194371
-2.503314396051781e-15,-3.3751213629473753e-16,1579539767.2694323
-2.503314396051781e-15,-3.3751213629473753e-16,1579539767.3193772
-2.503314396051781e-15,-3.3751213629473753e-16,1579539767.369381
-2.503314396051781e-15,-3.3751213629473753e-16,1579539767.41942
-2.503314396051781e-15,-3.3751213629473753e-16,1579539767.4694493
-2.503314396051781e-15,-3.3751213629473753e-16,1579539767.519427
-2.503314396051781e-15,-3.3751213629473753e-16,1579539767.5693774
-2.503314396051781e-15,-3.3751213629473753e-16,1579539767.6194277
-2.503314396051781e-15,-3.3751213629473753e-16,1579539767.6693783
-2.503314396051781e-15,-3.3751213629473753e-16,1579539767.7193797
-2.503314396051781e-15,-3.3751213629473753e-16,1579539767.7693808
-2.503314396051781e-15,-3.3751213629473753e-16,1579539767.8193803
-2.503314396051781e-15,-3.3751213629473753e-16,1579539767.8694043
-2.503314396051781e-15,-3.3751213629473753e-16,1579539767.919383
-2.503314396051781e-15,-3.3751213629473753e-16,1579539767.9694242
-2.503314396051781e-15,-3.3751213629473753e-16,1579539768.019446
-2.503314396051781e-15,-3.3751213629473753e-16,1579539768.0694458
-2.503314396051781e-15,-3.3751213629473753e-16,1579539768.1194282
-2.503314396051781e-15,-3.3751213629473753e-16,1579539768.1693854
-2.503314396051781e-15,-3.3751213629473753e-16,1579539768.219452
-2.503314396051781e-15,-3.3751213629473753e-16,1579539768.26938
-2.503314396051781e-15,-3.3751213629473753e-16,1579539768.3193827
-2.503314396051781e-15,-3.3751213629473753e-16,1579539768.3694403
-2.503314396051781e-15,-3.3751213629473753e-16,1579539768.419421
-2.503314396051781e-15,-3.3751213629473753e-16,1579539768.4694402
-2.503314396051781e-15,-3.3751213629473753e-16,1579539768.5194502
-2.503314396051781e-15,-3.3751213629473753e-16,1579539768.5693793
-2.503314396051781e-15,-3.3751213629473753e-16,1579539768.6193798
-2.503314396051781e-15,-3.3751213629473753e-16,1579539768.6694043
-2.503314396051781e-15,-3.3751213629473753e-16,1579539768.719375
-2.503314396051781e-15,-3.3751213629473753e-16,1579539768.7694383
-2.503314396051781e-15,-3.3751213629473753e-16,1579539768.8194747
-2.503314396051781e-15,-3.3751213629473753e-16,1579539768.8694258
-2.503314396051781e-15,-3.3751213629473753e-16,1579539768.9194298
-2.503314396051781e-15,-3.3751213629473753e-16,1579539768.9693794
-2.503314396051781e-15,-3.3751213629473753e-16,1579539769.0194073
-2.503314396051781e-15,-3.3751213629473753e-16,1579539769.0694385
-2.503314396051781e-15,-3.3751213629473753e-16,1579539769.119378
-2.503314396051781e-15,-3.3751213629473753e-16,1579539769.1693766
-2.503314396051781e-15,-3.3751213629473753e-16,1579539769.2194397
-2.503314396051781e-15,-3.3751213629473753e-16,1579539769.269424
-2.503314396051781e-15,-3.3751213629473753e-16,1579539769.3193781
-2.503314396051781e-15,-3.3751213629473753e-16,1579539769.3693688
-2.503314396051781e-15,-3.3751213629473753e-16,1579539769.419387
-2.503314396051781e-15,-3.3751213629473753e-16,1579539769.4693851
-2.503314396051781e-15,-3.3751213629473753e-16,1579539769.5193746
-2.503314396051781e-15,-3.3751213629473753e-16,1579539769.5693767
-2.503314396051781e-15,-3.3751213629473753e-16,1579539769.6193793
-2.503314396051781e-15,-3.3751213629473753e-16,1579539769.6693752
-2.503314396051781e-15,-3.3751213629473753e-16,1579539769.7194164
-2.503314396051781e-15,-3.3751213629473753e-16,1579539769.7694018
-2.503314396051781e-15,-3.3751213629473753e-16,1579539769.8193767
-2.503314396051781e-15,-3.3751213629473753e-16,1579539769.8693767
-2.503314396051781e-15,-3.3751213629473753e-16,1579539769.919377
-2.503314396051781e-15,-3.3751213629473753e-16,1579539769.9693453
-2.503314396051781e-15,-3.3751213629473753e-16,1579539770.0194032
-2.503314396051781e-15,-3.3751213629473753e-16,1579539770.069376
-2.503314396051781e-15,-3.3751213629473753e-16,1579539770.119372
-2.503314396051781e-15,-3.3751213629473753e-16,1579539770.1693807
-2.503314396051781e-15,-3.3751213629473753e-16,1579539770.219382
-2.503314396051781e-15,-3.3751213629473753e-16,1579539770.2694535
-2.503314396051781e-15,-3.3751213629473753e-16,1579539770.3193781
-2.503314396051781e-15,-3.3751213629473753e-16,1579539770.3694189
0.0011780933373687452,-0.0021816543284656122,1579539770.4194643
0.0026179898548905857,-0.003878502076377388,1579539770.469385
0.004057891412227668,-0.005575355763427111,1579539770.5193849
0.005497788447973783,-0.00727220412205048,1579539770.5694282
0.006937705779384459,-0.008969076398133246,1579539770.6193762
0.01793317296981921,-0.028361434758640745,1579539770.669376
0.0433928007930481,-0.020968131430070997,1579539770.7194338
0.06885314861557068,-0.013574619018408639,1579539770.7693765
0.09431335854065523,-0.006181146651337175,1579539770.8193772
0.11977317994431179,0.0012122128917367294,1579539770.8693757
0.16715869739527192,-0.031997403495015335,1579539770.919419
0.23575006288044847,-0.025937237242329634,1579539770.9694188
0.30434116545955625,-0.01987708111683867,1579539771.019396
0.3729335146493643,-0.013816852931063713,1579539771.069419
0.4415241976078086,-0.0077567033783654,1579539771.1193771
0.521962023993304,-0.023634485306085418,1579539771.1693852
0.6079638953836498,-0.029209730645261035,1579539771.219424
0.693960335714662,-0.0347852619100554,1579539771.2694638
0.7799653261146844,-0.040360615918554006,1579539771.319379
0.8659667165451039,-0.045935922159700646,1579539771.3694315
0.9517456029615751,-0.0511399289639956,1579539771.419384
1.0440600492486876,-0.04435046583595415,1579539771.469339
1.1363457346741117,-0.03756298016233363,1579539771.51944
1.228630103523679,-0.030775576994411764,1579539771.5693762
1.320915902804888,-0.023988086080707023,1579539771.6193748
1.4299537304179666,-0.04822830268285537,1579539771.6693785
1.555746716562501,-0.04144096171411529,1579539771.7193856
1.6815462444856353,-0.034653477501405364,1579539771.769444
1.8073395317006233,-0.027866051739771792,1579539771.8194044
1.9331295148720096,-0.021078825427245235,1579539771.8694367
2.082645407172128,-0.058175598084312344,1579539771.919398
2.2509529409578235,-0.06035930992680663,1579539771.969376
2.419290061933755,-0.06254101282883101,1579539772.0193756
2.5876229414614205,-0.06472282768494886,1579539772.069414
2.7559622260419014,-0.0669044598429326,1579539772.119379
2.9082658151923466,-0.03939180910584846,1579539772.1693752
3.0406070886444665,-0.04884563309190498,1579539772.219375
3.172945851323301,-0.05829952191831092,1579539772.2693758
3.305283085637661,-0.06775349098164186,1579539772.319375
3.437626769801542,-0.07720719360477922,1579539772.369375
3.526175790084488,-0.005575278326787378,1579539772.4193795
3.570484886165818,-0.015877586326698834,1579539772.4693801
3.6147956562222836,-0.026179917719782286,1579539772.5193768
3.659104477289161,-0.03648210976580658,1579539772.5694363
3.7034112736727,-0.04678448451405192,1579539772.6194541
3.713230255202111,0.006787522064595715,1579539772.669377
3.711660465396641,0.03927016696667422,1579539772.719372
3.710088074800954,0.07175252829771264,1579539772.7694297
3.708517748284406,0.10423512380460621,1579539772.8193967
3.7069461068065275,0.13671753191336072,1579539772.8693798
3.652891581283495,0.26640703067570504,1579539772.9194193
3.5918218260484265,0.3831241300278744,1579539772.9694316
3.5307512199191966,0.4998417488713499,1579539773.0194178
3.469693860646556,0.6165619119291097,1579539773.0694194
3.40862821223784,0.7332805737539454,1579539773.1194375
3.3349321522051207,0.8733927594541271,1579539773.1693761
3.246116891894618,0.985506651486109,1579539773.2194507
3.1573005608755174,1.0976185851855569,1579539773.269377
3.068482811807869,1.209730949877514,1579539773.319406
2.9796701731930995,1.3218450202483425,1579539773.3694193
2.986216325521883,1.2573640171217064,1579539773.4193752
2.989031352610451,1.1859764141721538,1579539773.4693778
2.991846664396799,1.1145885325640412,1579539773.5194614
2.994653929472059,1.0431979365491122,1579539773.5694232
2.9974727381535207,0.9718098872522845,1579539773.6194336
3.059123322483798,0.7914581363875026,1579539773.669422
3.139299138765532,0.6454071504266002,1579539773.719443
3.219477308894581,0.4993584176091695,1579539773.7694323
3.2996533482729355,0.3533090264925257,1579539773.8194046
3.3798278947401155,0.2072581058060305,1579539773.8693988
3.4235434788600076,0.1287171408646652,1579539773.9194465
3.4468462235350525,0.012362781310994372,1579539773.969379
3.4701510525620956,-0.10399261139932939,1579539774.0194275
3.493457379582845,-0.2203479483861054,1579539774.0693755
3.5167506147636467,-0.33670310887525007,1579539774.1194015
3.500850519563303,-0.38045817513603775,1579539774.1693761
3.4507153873188137,-0.4876022960397092,1579539774.2193766
3.4005776068154745,-0.5947447854934582,1579539774.2694447
3.350448210574049,-0.701889949751909,1579539774.319417
3.3003103880845086,-0.8090326391975579,1579539774.369418
3.234206286089825,-0.8866031962730979,1579539774.4193754
3.2183007667993166,-0.8712102091332226,1579539774.4693766
3.2023945134629175,-0.8558169536461885,1579539774.519501
3.1864889777449577,-0.8404238082381439,1579539774.5693934
3.1705865258956054,-0.8250314150217948,1579539774.6194217
3.1593277613841364,-0.8182437399591048,1579539774.6694078
3.2088124430507436,-0.6989791184435539,1579539774.7193768
3.2582889120553196,-0.5797164930844529,1579539774.769388
3.3077700275751147,-0.4604508647295172,1579539774.819376
3.357248301011544,-0.34118797026286096,1579539774.8693802
3.4281975938642337,-0.26167824099950776,1579539774.9194267
3.486057805340355,-0.20640997350788648,1579539774.96939
3.5439128738355663,-0.1511411646640584,1579539775.0193784
3.601772437623163,-0.09587217863066595,1579539775.0693765
3.6593187194966577,-0.04060224435180644,1579539775.1194155
3.7219379607667538,0.0064179930731466175,1579539775.1694047
3.7551886600481192,-0.0003694889158618684,1579539775.2193751
3.7884425707392566,-0.007156693574494458,1579539775.2693753
3.821685947251524,-0.013944219023721942,1579539775.3194945
3.8549476931358955,-0.020731409864873547,1579539775.369393
3.8767416744815044,-0.0063080799695027015,1579539775.4193654
3.8908007066856007,-0.006186826202612095,1579539775.4694176
3.904880111401286,-0.006065654470138161,1579539775.5193765
3.91894170835343,-0.005944409269694773,1579539775.569442
3.9333324982126348,-0.005824620300491605,1579539775.6193752
3.943027027258025,0.0018181871394275977,1579539775.669435
3.946889179382978,-0.0019391931094683203,1579539775.719374
3.9507426178308926,-0.005696465051584037,1579539775.7693758
3.9546046451832133,-0.009453768606598533,1579539775.81943
3.9584596559573635,-0.013211141176763114,1579539775.8694174
3.9594412876804665,-0.0116354876283432,1579539775.9194486
3.9597778731929636,-0.011271917834368546,1579539775.9694262
3.96010188974524,-0.010908292798559194,1579539776.0193868
3.960439351364048,-0.010544720072678695,1579539776.0693746
3.9607585512020664,-0.010181079239257245,1579539776.119378
3.960434008879303,-0.00860545710588496,1579539776.1694407
3.9518529678597956,-0.022301470910055608,1579539776.2193608
3.9432896346440356,-0.03599749412245748,1579539776.269429
3.9347148501209475,-0.049693453546439975,1579539776.3194418
3.926139287829865,-0.0633894386837319,1579539776.3694587
3.9170397698829986,-0.07611579255401028,1579539776.4194233
3.875809477636819,-0.14835293923969234,1579539776.469421
3.834580919648957,-0.22059160344691908,1579539776.519376
3.793337498680889,-0.29282745516447906,1579539776.5694277
3.75210582878952,-0.3650647307934758,1579539776.6194239
3.7002738757674924,-0.4176670673913116,1579539776.6694221
3.6487023014425217,-0.4697852975256329,1579539776.719376
3.5971236404956155,-0.5219020178231996,1579539776.7694447
3.5455509093212396,-0.5740197191498183,1579539776.8194025
3.4939773104203797,-0.6261373718786865,1579539776.8693786
3.443054942110605,-0.6794664076031899,1579539776.9194047
3.424009164053413,-0.6737698751342186,1579539776.96939
3.404958405300927,-0.6680722997797297,1579539777.0193756
3.3859182956034983,-0.6623769422198756,1579539777.0694199
3.366872617338193,-0.6566804264511922,1579539777.119377
3.359278392535822,-0.6721940728781837,1579539777.1694324
3.359012769100259,-0.6741325709169566,1579539777.2194273
3.358755401751559,-0.676072708536567,1579539777.2694385
3.358494387805301,-0.6780121297159571,1579539777.3193777
3.358229021429546,-0.6799506617230209,1579539777.3694375
3.358888098255354,-0.6835877070791986,1579539777.4193783
3.3590820224861964,-0.6880717077559518,1579539777.4694276
3.3592778145017332,-0.6925561419158611,1579539777.5194247
3.359474094712092,-0.6970406422107807,1579539777.5693808
3.359670121186101,-0.7015251044309738,1579539777.6194897
3.360325104047726,-0.7068581341307046,1579539777.6694052
3.3607202241844707,-0.7126764377223722,1579539777.7194777
3.3611106309075933,-0.7184937073380426,1579539777.7693787
3.3615070616476816,-0.7243123280899318,1579539777.8194022
3.3618952236800266,-0.7301290433786038,1579539777.8694217
3.3617646368658693,-0.7349772834211548,1579539777.919424
3.362750631295523,-0.7377658854255638,1579539777.9693766
3.363731088075312,-0.7405532884853149,1579539778.0194137
3.3647104821793747,-0.7433404364906219,1579539778.0694501
3.365694905188066,-0.7461287107460021,1579539778.1193795
3.366087632761431,-0.7478255593195788,1579539778.1694195
3.352209442554341,-0.775944110882212,1579539778.219447
3.33833793161573,-0.804064380638101,1579539778.2693746
3.324454844624209,-0.8321816556573509,1579539778.3194232
3.3105859271210196,-0.8603022057420135,1579539778.3694623
3.297168789505723,-0.8892701033991682,1579539778.419423
3.2239950222752367,-1.0288966191087967,1579539778.4693756
3.15081858052268,-1.1685202353384025,1579539778.5193775
3.077652068508388,-1.3081498532742553,1579539778.5694265
3.004477006425664,-1.447776074588559,1579539778.6193945
2.9254131054957186,-1.5764930751443424,1579539778.669378
2.7878388505357963,-1.813569127424889,1579539778.7193768
2.6502588317584217,-2.0506383475683285,1579539778.769383
2.5126855272283706,-2.287713112524392,1579539778.8194094
2.375111354910175,-2.5247884840148314,1579539778.8693764
2.228762298942754,-2.745619241538977,1579539778.9194515
2.1523818232289518,-2.8368850961002896,1579539778.9694164
2.0760033876989126,-2.9281510865318228,1579539779.0194845
1.9996232352718821,-3.0194195275076336,1579539779.0693789
1.9232431269114745,-3.1106859719656286,1579539779.1193767
1.8313510257748098,-3.173224785471273,1579539779.1694214
1.8971272289319936,-2.943784716025346,1579539779.2194295
1.962906643638892,-2.7143506582651784,1579539779.2694397
2.0286849827678752,-2.4849129910608907,1579539779.3193781
2.094460749599967,-2.255473380179912,1579539779.369376
2.17476795459097,-2.0529433320260995,1579539779.4194057
2.277850137958353,-1.8082331928465676,1579539779.4693599
2.380935790373264,-1.5635264286507218,1579539779.5194588
2.4840153690346236,-1.3188117043950085,1579539779.5694625
2.5870997743018855,-1.0741015267993925,1579539779.6194277
2.7334492422632315,-0.909511192546044,1579539779.6693776
2.7566847313232845,-0.9729011333415656,1579539779.719417
2.779915819568308,-1.0362882685218784,1579539779.76943
2.803153841678167,-1.099680028789098,1579539779.8193767
2.82638545129855,-1.1630673332317258,1579539779.8694227
2.854988796600803,-1.2363965499322187,1579539779.9193769
2.795693021396837,-1.4725018001308252,1579539779.969375
2.736393322715778,-1.7086037354287658,1579539780.0194223
2.6770946440018504,-1.9447055139553475,1579539780.0694935
2.6178005888613236,-2.1808157420835057,1579539780.1193779
2.5189672963238356,-2.3437094987765823,1579539780.169428
2.5372926304636545,-2.289652283399665,1579539780.2193766
2.55562150230599,-2.23559752254956,1579539780.2694502
2.5739428897302576,-2.1815378756220833,1579539780.3194537
2.5922717607344117,-2.127483184030701,1579539780.3694546
2.5934511111217153,-2.0416712074348244,1579539780.419406
2.678338714765444,-1.8008392302374499,1579539780.4694185
2.763226498724704,-1.5600098483920255,1579539780.5194433
2.84811908484076,-1.3191817063417455,1579539780.5693762
2.933003287520129,-1.0783443687181418,1579539780.6194465
3.058668473749133,-0.9130257549880255,1579539780.6693838
3.123990985334386,-0.8594544056817774,1579539780.719379
3.1893053666922055,-0.805881767566004,1579539780.7694335
3.2546242576219484,-0.7523098231137748,1579539780.819428
3.3199455554147597,-0.698738529664687,1579539780.8694332
3.395734534083498,-0.6645582815861455,1579539780.9193885
3.4518229545167234,-0.6668608211654047,1579539780.969381
3.5079225718937055,-0.6691651720854854,1579539781.019434
3.5640051901147602,-0.6714667479693801,1579539781.069391
3.6200972206436646,-0.6737698387099711,1579539781.1193821
3.654589847414442,-0.6360758040882051,1579539781.1694336
3.6867206787591047,-0.602744040597966,1579539781.2194262
3.718862878671152,-0.5694141402267594,1579539781.269379
3.7510039802744726,-0.5360836315910055,1579539781.319376
3.78313334590422,-0.5027519935865754,1579539781.3693762
3.809506545905277,-0.45875479621442883,1579539781.419418
3.830845895554504,-0.42409101288149237,1579539781.4694386
3.852178433935624,-0.3894259375012408,1579539781.5193768
3.873518219302257,-0.35476251727675495,1579539781.5693781
3.894855573951774,-0.32009817643745603,1579539781.6193774
3.9052589226147,-0.26519305294963447,1579539781.669422
3.901991814954546,-0.23561953937691069,1579539781.7193756
3.898713776325204,-0.2060457683748464,1579539781.7694545
3.895437420437459,-0.17647170458701622,1579539781.8194044
3.892172758962715,-0.14689850729439577,1579539781.8693745
3.872802995091409,-0.08750894902269585,1579539781.919375
3.843214365274988,-0.047027210429172225,1579539781.9694397
3.8136276405489817,-0.006545147578234774,1579539782.019445
3.784048858448337,0.03393670981549948,1579539782.069377
3.754461585830731,0.07441877615095305,1579539782.1194193
3.7411795752723824,0.08472101410319562,1579539782.1693761
3.724746864849961,0.08920557124661045,1579539782.219385
3.70832538704067,0.0936900744857277,1579539782.2694201
3.691900543907401,0.09817463071726529,1579539782.3193755
3.675465046299196,0.10265915854852045,1579539782.3693764
3.6657120906619403,0.09478086626712375,1579539782.4194143
3.6553773934997005,0.08581206601567107,1579539782.4693763
3.645034947035241,0.07684300405938324,1579539782.519385
3.6346933997211157,0.06787389728386545,1579539782.569375
3.6243550494534,0.05890492771202657,1579539782.6194236
3.5856705629023735,0.10241651598953377,1579539782.6693854
3.5217246478577513,0.09914403614117034,1579539782.719404
3.457778123302934,0.09587153408245547,1579539782.7694368
3.393830902765473,0.09259901290838839,1579539782.8194153
3.3298875829857146,0.08932656050876686,1579539782.8694224
3.26254037956061,0.09235670071939248,1579539782.9194074
3.1877993299077474,0.08169072262700591,1579539782.9693763
3.113057313356814,0.0710248731602532,1579539783.019444
3.038311727553482,0.06035894988830172,1579539783.0694022
2.963568287899835,0.04969299274420095,1579539783.119375
2.9085918284367804,0.0024240895667248796,1579539783.169416
2.8792044386066866,0.0025452956054226486,1579539783.219448
2.8498184026569886,0.002666493614853374,1579539783.2694283
2.8204348914246418,0.002787676967757447,1579539783.3193748
2.7910481192614234,0.0029088797357919834,1579539783.3693762
2.774621028837403,-0.020968267500388365,1579539783.4193745
2.7718001647058372,-0.019634964926656243,1579539783.4693756
2.7693155198163777,-0.017695725354592264,1579539783.519376
2.7668265724097902,-0.015756465209831757,1579539783.5693963
2.7643363356453863,-0.013817182189825451,1579539783.6194625
2.764994321642174,-0.017695713330582997,1579539783.6693819
2.7666985691753037,-0.019634984389051143,1579539783.719392
2.764406676151207,-0.028967638019176668,1579539783.7693765
2.76211210959442,-0.038300327439640985,1579539783.8193586
2.759820224230616,-0.04763283114661076,1579539783.8694603
2.755697466695613,-0.05357185171712613,1579539783.9193895
2.7515757529960814,-0.05951081283569407,1579539783.969425
2.7419522446645583,-0.07563083103867538,1579539784.0194235
2.7323315227596043,-0.09175076946763377,1579539784.0693877
2.7227159061187938,-0.10787110961556251,1579539784.119382
2.735869618771768,-0.16616996806294676,1579539784.1693754
2.7490226120810126,-0.22446834894045176,1579539784.219385
2.7274252699132933,-0.34712675099752727,1579539784.2693765
2.705828337356102,-0.46978610236608304,1579539784.3194015
2.684230927424839,-0.5924423167879203,1579539784.3694437
2.677094102444039,-0.7418857359884409,1579539784.4194522
2.669962636694779,-0.8913306163545373,1579539784.4693935
2.6471865894925286,-1.0697421447443334,1579539784.519454
2.6244103941260595,-1.248152420458836,1579539784.5693798
2.6016309677481937,-1.426564693182922,1579539784.619338
2.554898772928631,-1.5606149737776782,1579539784.6693983
2.5054893202666957,-1.6896994570656712,1579539784.7193751
2.4967797263130755,-1.743389151721219,1579539784.7693803
2.4880735709238295,-1.79708194644882,1579539784.819348
2.4793726758596315,-1.8507772615756704,1579539784.869378
2.457840681296716,-1.880715180651207,1579539784.9193797
2.4370261324895526,-1.911984819692057,1579539784.969375
2.436174739066767,-1.9062878311140488,1579539785.0193758
2.4353250678131353,-1.900592222787453,1579539785.0694268
2.4344750223615508,-1.8948962603468427,1579539785.1194162
2.433621734710325,-1.8891978106550686,1579539785.1693766
2.429821771674877,-1.878044065861562,1579539785.2193918
2.4293020637924645,-1.8608361621890537,1579539785.2694538
2.4287767885639022,-1.8436239931884313,1579539785.319418
2.4282546292548735,-1.826414081097838,1579539785.3693771
2.4277311995401214,-1.8092032830617073,1579539785.4193861
2.429234448589864,-1.795748193610323,1579539785.4693823
2.433623426242248,-1.776964359342359,1579539785.5193748
2.438006135630006,-1.7581761866494667,1579539785.569396
2.442389500791474,-1.7393882322951204,1579539785.6193764
2.446777106981698,-1.720603701072546,1579539785.669387
2.455222001835225,-1.709333120498694,1579539785.7194116
2.4587555359924993,-1.7071509404683842,1579539785.7693768
2.4622901764807477,-1.7049695179177222,1579539785.8194153
2.4658205612294877,-1.7027851598592085,1579539785.869454
2.469356230908547,-1.700604424926731,1579539785.9193773
2.4679199171259034,-1.6892137828592322,1579539785.9693806
2.4636596023941113,-1.683028242881431,1579539786.0193653
2.4594081184014573,-1.6768487759858297,1579539786.0693772
2.4551544009184276,-1.6706677504221283,1579539786.1194274
2.4508991780470417,-1.664485719985211,1579539786.1694856
2.4453348260381254,-1.655879516428225,1579539786.2193873
2.4408856612445726,-1.6452145600545125,1579539786.2694254
2.4364368312423936,-1.6345497932238815,1579539786.3193831
2.431985220447974,-1.6238832916190384,1579539786.3693848
2.4275375223332367,-1.6132192053717989,1579539786.4193745
2.4226227685348247,-1.6017009958983368,1579539786.4694324
2.419026316782178,-1.5877648058658507,1579539786.5194035
2.415428093789777,-1.5738273747796723,1579539786.5693793
2.4118302013210786,-1.559890101931109,1579539786.6193757
2.4082296298561747,-1.5459512709777854,1579539786.6693747
2.408621775241133,-1.5394059372326565,1579539786.7194264
2.4065246361324135,-1.5374649054302678,1579539786.7693858
2.404428843614719,-1.535524741813221,1579539786.819431
2.402336817077063,-1.5335870265850757,1579539786.86945
2.4002404915647926,-1.5316465112743163,1579539786.9193816
2.3964464726038264,-1.5265573102343852,1579539786.9694214
2.3921259519098217,-1.522435871621831,1579539787.019448
2.387805194825414,-1.5183142804885457,1579539787.0693872
2.383484209419192,-1.5141925386045905,1579539787.1194189
2.3791646221938882,-1.510071701947739,1579539787.169399
2.373738639951367,-1.5038943038430836,1579539787.2193763
2.369873897390498,-1.4948021195999945,1579539787.2694306
2.3660162236740585,-1.4857142393511111,1579539787.3194382
2.3621504639144173,-1.4766213891025963,1579539787.3694198
2.3582886849331754,-1.4675309028653987,1579539787.4193761
2.358484584270684,-1.4659549963683627,1579539787.4694033
2.3577013175065464,-1.466198740139122,1579539787.5194447
2.356914795275455,-1.4664404425971531,1579539787.5694466
2.356128205207368,-1.4666821060643662,1579539787.6193812
2.3553463436049276,-1.4669267246316857,1579539787.6693823
2.3536119486996423,-1.4656930002433928,1579539787.7194958
2.35017530015667,-1.4687483247516013,1579539787.7693753
2.3465046609938316,-1.4716538135116695,1579539787.8194237
2.3428411507121876,-1.4745636655969343,1579539787.8694234
2.3391772250886715,-1.4774734198309039,1579539787.9193766
2.3366270269866543,-1.4824441995270712,1579539787.9693756
2.3338755228952075,-1.4877754897643671,1579539788.0193853
2.331125850504647,-1.4931079042124376,1579539788.0694246
2.3283793630846557,-1.498442447293392,1579539788.1194048
2.3256284750438345,-1.5037741165257303,1579539788.169379
2.321599491798657,-1.506459955872926,1579539788.2193744
2.32163397479032,-1.5004965219497532,1579539788.2694201
2.3218981937013883,-1.4946802715990815,1579539788.319385
2.3221638019375663,-1.4888649335078015,1579539788.369375
2.3224203624523367,-1.4830438422211736,1579539788.4194412
2.3236000868714184,-1.478923948548243,1579539788.4693768
2.3353825631101692,-1.4551689663397274,1579539788.5194268
2.34716230551242,-1.4314126462421009,1579539788.5694478
2.3589437995488147,-1.4076567013164623,1579539788.6193762
2.3707230273272293,-1.3839000337355676,1579539788.6694016
2.378510358679473,-1.3527498723547342,1579539788.7194233
2.4224958364085025,-1.2545773903779538,1579539788.7694242
2.466477473925547,-1.156401848362785,1579539788.8194473
2.5104586291704294,-1.0582266031889882,1579539788.869404
2.554443613253567,-0.9600528407523187,1579539788.9194298
2.583369266730882,-0.8340003159836673,1579539788.9694238
2.6404429896648702,-0.6558305069199901,1579539789.019382
2.697516482911787,-0.4776632058385803,1579539789.069439
2.7545885110467943,-0.2994919784080613,1579539789.1193774
2.8116595564024616,-0.12132503016939886,1579539789.1694512
2.8352893763031495,0.11878075690844991,1579539789.2193887
2.8257300988094256,0.29743231445704976,1579539789.2694242
2.8161759442030063,0.476087452743695,1579539789.3194025
2.8066200168205238,0.6547408352510878,1579539789.3693767
2.797063712468555,0.833395309450109,1579539789.419442
2.770164543803223,1.0441669946340917,1579539789.4693806
2.702291859926503,1.1790668630488295,1579539789.519406
2.634422937855431,1.3139673239454912,1579539789.5693755
2.566546863557694,1.4488649865626924,1579539789.6194234
2.4986802464953315,1.5837657777773175,1579539789.6693795
2.468243318080525,1.6493356667019354,1579539789.719381
2.4297629509161154,1.700000710212095,1579539789.7693782
2.3912780449083,1.7506641333066952,1579539789.8193767
2.3527924134972875,1.8013260291446527,1579539789.8693764
2.314307903409787,1.8519893034366655,1579539789.919377
2.3154838629102916,1.8292016665495714,1579539789.9693866
2.3224895542683983,1.81720428506003,1579539790.0193846
2.329490676895933,1.805203630836385,1579539790.0693758
2.3364979226505915,1.7932075562247447,1579539790.1194036
2.3434953344891136,1.7812042471268013,1579539790.1694345
2.3875487890802787,1.7006060488554047,1579539790.2194264
2.434668064656589,1.6257005828516446,1579539790.2693977
2.48179153161642,1.5507959097773045,1579539790.3193831
2.5289144040333698,1.4758925601530943,1579539790.3694415
2.5760446296945982,1.4009910303307263,1579539790.4193754
2.630232755412549,1.3129975790532395,1579539790.4694285
2.6922822398516435,1.2395478880914452,1579539790.5193748
2.754321894694448,1.166096784671706,1579539790.5694635
2.8163680826839426,1.0926464395227737,1579539790.6193876
2.8784204075404283,1.0192009511781934,1579539790.669466
2.9028959956734615,1.015321248243098,1579539790.7194345
2.9283587006648686,1.013261950293665,1579539790.7693753
2.9538181613946377,1.0112012425531487,1579539790.8193755
2.9792785346421105,1.009141037378996,1579539790.8694303
3.004732165926984,1.0070780272005206,1579539790.9194438
3.0102999621003987,1.04186430971598,1579539790.969378
3.0071544758399504,1.0605285455271154,1579539791.0194266
3.004020867671405,1.079196491895393,1579539791.069376
3.000879295957554,1.0978619755014085,1579539791.1193767
2.9977339399701726,1.116525896923103,1579539791.1694026
2.9935416284542784,1.137129250956369,1579539791.2194374
2.987651947809334,1.1545827454705029,1579539791.2694483
2.9817652258289553,1.1720376923997824,1579539791.3194206
2.9758732873262206,1.1894902055931362,1579539791.369444
2.9699812499705875,1.2069428946009635,1579539791.4194314
2.9576802419548773,1.2362755523844895,1579539791.469448
2.941381234788827,1.2582126632985957,1579539791.5194225
2.925082255884932,1.2801495319075558,1579539791.569406
2.9087844455319862,1.302087185953582,1579539791.619458
2.892486599825971,1.3240243258792768,1579539791.6694527
2.8589138437271915,1.377961878413164,1579539791.7194269
2.812185640618845,1.4075371127291123,1579539791.769419
2.7654473251220493,1.4371072673030907,1579539791.81939
2.718722444345889,1.466684031717006,1579539791.869376
2.671990805429075,1.496257234647943,1579539791.9194193
2.6230331588200313,1.5299510356190102,1579539791.969475
2.566289617725058,1.5492235713536329,1579539792.0193806
2.509544219377182,1.5684942754241091,1579539792.069425
2.452798440345383,1.5877653940575625,1579539792.1194599
2.3960562602458384,1.6070379947530462,1579539792.1694045
2.3446747810528867,1.616368285079848,1579539792.2194648
2.2913313560384427,1.6220637103966709,1579539792.2694433
2.2379949017639573,1.6277640346697713,1579539792.3193777
2.184649725544097,1.6334581529407752,1579539792.3693764
2.1313113381654425,1.6391571233128093,1579539792.419374
2.081502266195587,1.6383069212469323,1579539792.4693763
2.037519197272732,1.6482453855581984,1579539792.5194066
1.9935371604413263,1.6581838221387954,1579539792.5694332
1.949557934261263,1.6681255070890386,1579539792.6193757
1.9055742405022076,1.6780627432522022,1579539792.6693747
1.8771695661733239,1.6591555134488054,1579539792.7193768
1.8645351618227097,1.669455384793163,1579539792.769382
1.8519042393062701,1.6797588282959794,1579539792.819374
1.8392716235939865,1.6900602416591881,1579539792.869376
1.826636564863724,1.7003597414297367,1579539792.9194264
1.8288635958496953,1.6831505695503628,1579539792.9694319
1.8406448897533554,1.6836355855033922,1579539793.01938
1.8524253746604176,1.6841200763313213,1579539793.0693994
1.8642032633033954,1.6846019966959975,1579539793.1194031
1.8759887448552541,1.6850908542717589,1579539793.1693761
1.9102815224645326,1.643879911274971,1579539793.2194211
1.9488983219807903,1.6106718725295728,1579539793.269422
1.987512538332978,1.57746024189571,1579539793.3194005
2.0261298578945364,1.5442523128412815,1579539793.3694189
2.0647461095835524,1.5110434796666952,1579539793.419412
2.112525713992465,1.460866081361056,1579539793.4693758
2.166781393984252,1.4226852099342704,1579539793.5194387
2.2210413052637104,1.384508004911759,1579539793.5694602
2.2752992526672617,1.3463286972241901,1579539793.6194382
2.329554543939966,1.3081473912157087,1579539793.6694505
2.374652529853906,1.2869385449262434,1579539793.7194042
2.4287820633351522,1.2824554045933843,1579539793.7694304
2.482905763016638,1.2779689331558508,1579539793.8194106
2.5370337067635997,1.2734848619029604,1579539793.8694053
2.5911578141916265,1.2689989839983502,1579539793.9194474
2.643913569744212,1.2670608588355659,1579539793.9693923
2.6935887131734564,1.259424563012214,1579539794.0194259
2.743264422522644,1.2517884934619719,1579539794.069387
2.7929432683905833,1.244153592923092,1579539794.1194172
2.8426207774390337,1.2365182442354685,1579539794.1693754
2.8858794388163256,1.2407590151319954,1579539794.219396
2.922398788778316,1.2325164177495689,1579539794.2694533
2.9589266904773472,1.2242773991935156,1579539794.3193789
2.9954411017984133,1.2160328653039858,1579539794.3694272
3.0319656688637293,1.2077927218697093,1579539794.419424
3.0571601323266315,1.2205176979010395,1579539794.4694288
3.077257579252336,1.2237919463328086,1579539794.5193763
3.0973496000757934,1.2270640260090262,1579539794.5694523
3.1174424866310386,1.2303363824163465,1579539794.6194248
3.1375326548053426,1.233607693200006,1579539794.6694179
3.150889598537932,1.249366075536284,1579539794.7193794
3.158871772536877,1.2551827344751774,1579539794.7693512
3.166854689342765,1.260999749208466,1579539794.8194165
3.174842250208621,1.266818556136964,1579539794.8693926
3.18282862298043,1.2726369292737783,1579539794.9193785
3.188585940248993,1.282574688487518,1579539794.9694467
3.191926450879696,1.288029930406682,1579539795.019375
3.195262488347465,1.2934832737019735,1579539795.0694175
3.1985958181633287,1.2989355709723656,1579539795.1194642
3.201935556086323,1.3043904359796077,1579539795.169386
3.2154149905998173,1.2910568602139783,1579539795.219419
3.2270039357508775,1.2742112672240127,1579539795.2694638
3.2385852927068743,1.2573626089273626,1579539795.3193855
3.2501713984391145,1.2405160415118992,1579539795.3694484
3.2617564980458233,1.2236688154123119,1579539795.419384
3.2940280860134803,1.1685227204567576,1579539795.4693754
3.31922123654586,1.1002830996242254,1579539795.5193772
3.344421663684299,1.032046918256833,1579539795.5693774
3.369625974737537,0.963810900113596,1579539795.6193774
3.3948196362984917,0.8955726005839952,1579539795.6694393
3.43657821474886,0.7966711289096603,1579539795.719419
3.4855985210555867,0.7112222833532366,1579539795.7694237
3.5346160542685765,0.6257733266135924,1579539795.8194916
3.5836454035839678,0.54032589064244,1579539795.8693771
3.632662793914825,0.45487654904707786,1579539795.9193797
3.6673488771738625,0.39597115532612137,1579539795.9694872
3.7165010708648683,0.36385218631160604,1579539796.0194254
3.76565663673346,0.3317336928670974,1579539796.069441
3.8148046751944964,0.29961394299725286,1579539796.1194136
3.8639636576604643,0.2674960246240832,1579539796.1694036
3.889295655119922,0.2794953550123535,1579539796.219364
3.9086663023483683,0.2804648020134387,1579539796.2694178
3.928045964128536,0.2814349027759364,1579539796.3194222
3.9474089593348816,0.282403790763438,1579539796.3693795
3.9667831580782567,0.2833734960469575,1579539796.4194825
3.97876141361234,0.29803918877438057,1579539796.4694393
3.9725441464114,0.27901029207224914,1579539796.519422
3.9663256738553776,0.2599812907885274,1579539796.5694072
3.9601113637541996,0.24095248100073713,1579539796.6193748
3.9538916916301585,0.22192341711529287,1579539796.6693754
3.9436159713406145,0.2104090057869914,1579539796.7193751
3.8926305109499038,0.12350686538230049,1579539796.769375
3.841642918639175,0.036603672633455694,1579539796.8194485
3.790661618852572,-0.05029882837703942,1579539796.869375
3.7396752060809884,-0.13720121270979369,1579539796.9194174
3.6804402147285886,-0.20883231136245672,1579539796.9694674
3.5895963079636206,-0.33900494780701507,1579539797.0193763
3.498754363637041,-0.4691784346564484,1579539797.0693784
3.4079053226196043,-0.5993503782688213,1579539797.1194184
3.317061445487735,-0.7295228072897287,1579539797.1694386
3.2178360788102554,-0.8441811680077974,1579539797.2193604
3.13720769856314,-0.9244197930483622,1579539797.2693756
3.0565720215646763,-1.0046559718077608,1579539797.3193796
2.9759372554508987,-1.0848922720399248,1579539797.3693607
2.895305388828464,-1.1651293563669054,1579539797.4194033
2.82180777430004,-1.25857782084207,1579539797.469377
2.7852201222916926,-1.2836663443519916,1579539797.519418
2.748629815707085,-1.3087537434067749,1579539797.569446
2.712044052989976,-1.3338429937725604,1579539797.6194315
2.675459630214259,-1.3589332053306613,1579539797.6693788
2.6515046447009407,-1.4074142690251947,1579539797.7194283
2.6444995107689553,-1.4245029864888297,1579539797.7693608
2.637495895301169,-1.441592327359269,1579539797.8194373
2.6304942880766182,-1.4586828557184868,1579539797.8693807
2.6234895492169277,-1.4757715901266328,1579539797.919419
2.609548269148803,-1.4800134922950576,1579539797.9694443
2.5867735525422684,-1.5006192184522285,1579539798.019453
2.5639975459297872,-1.521223991948793,1579539798.0693858
2.541221354245227,-1.5418286930653555,1579539798.119394
2.518444892345135,-1.5624336055377244,1579539798.1693816
2.4846111110901745,-1.562557175855254,1579539798.219376
2.4452055646990574,-1.5729772566654545,1579539798.2694232
2.4058066014149384,-1.5834019501257364,1579539798.3193808
2.366404407238953,-1.5938245224344503,1579539798.3694422
2.3270060207799403,-1.604249594232855,1579539798.4193795
2.2960457820010802,-1.6303065674855406,1579539798.4693885
2.2790291326741507,-1.6305492602059726,1579539798.51939
2.262013842357557,-1.630792858117909,1579539798.5693936
2.244995907482678,-1.6310345179683807,1579539798.619382
2.227977174397567,-1.6312757283763826,1579539798.6694856
2.2192708852924095,-1.6469101700269622,1579539798.7193804
2.2143008802147857,-1.6556399586204225,1579539798.7693794
2.2093264157024044,-1.6643664211511051,1579539798.819414
2.204350362761129,-1.6730915304351577,1579539798.8694186
2.199370635793619,-1.6818137717123325,1579539798.9193792
2.186352573354594,-1.6756372793814656,1579539798.969417
2.1618739778417995,-1.6906664141422802,1579539799.0194192
2.1373850462177892,-1.7056861260683067,1579539799.0693831
2.1129140449847807,-1.7207216469750313,1579539799.1193895
2.0884390249246496,-1.7357538340783671,1579539799.1694086
2.0486999768956387,-1.722533696666985,1579539799.219385
1.9971254535749146,-1.731260379903929,1579539799.2693887
1.9455596929870564,-1.7399968105652097,1579539799.3194041
1.8939793915910483,-1.7487162429424894,1579539799.3693905
1.842408735458317,-1.7574457185447756,1579539799.4193914
1.7943071003136954,-1.7726018967123978,1579539799.469423
1.7568707849400922,-1.7679974370012828,1579539799.519365
1.7194383392480386,-1.7633952144254659,1579539799.569379
1.681998099931421,-1.7587873497735964,1579539799.6194382
1.64455002613,-1.7541705617451255,1579539799.6693819
1.628792633991702,-1.7896983086096152,1579539799.7193837
1.67616833374768,-1.7082446789801464,1579539799.7693803
1.723554583929297,-1.6267905091489818,1579539799.8194456
1.77095154594691,-1.5453524495441537,1579539799.869376
1.8183361784843401,-1.4639037576742233,1579539799.9194248
1.8837129129938233,-1.4157773187911449,1579539799.9694629
2.002109731259642,-1.2694826045640424,1579539800.019344
2.1202995826896673,-1.123174087244617,1579539800.0694878
2.238913218242192,-0.97690020352996,1579539800.1193752
2.357315999809682,-0.830615234918122,1579539800.1694522
2.4999076887873577,-0.7291560218883518,1579539800.2194161
2.6296579272996317,-0.6515918374858182,1579539800.2694294
2.7593689594347155,-0.5740169550617819,1579539800.3194346
2.8890854939289268,-0.49644520540084636,1579539800.3694847
3.018812906895809,-0.4188761908417863,1579539800.4193797
3.15762962994362,-0.3581525842707843,1579539800.469439
3.1950693813745583,-0.48517498757636646,1579539800.5193477
3.232717703457295,-0.6122161071376973,1579539800.5694454
3.2699397596914,-0.7392167789435841,1579539800.6193726
3.3073151384158854,-0.8662063559276247,1579539800.6693869
3.2888703481504056,-0.889625877410487,1579539800.7193758
3.1745093590019993,-1.0904574076010904,1579539800.7694566
3.0601693209475207,-1.2912914929572226,1579539800.8194034
2.9458215193395922,-1.492116796423465,1579539800.8694253
2.8314830935392115,-1.6929569028359237,1579539800.9194388
2.678924279123833,-1.8230113072894973,1579539800.9693844
2.6185753954813897,-1.7822850082331045,1579539801.0194194
2.5582345106641062,-1.7415625103527064,1579539801.0694437
2.4978850788830393,-1.7008359706003813,1579539801.1193843
2.4375925062298496,-1.6601377553806882,1579539801.1694198
2.396495770952138,-1.6551461750495318,1579539801.2194283
2.4647010787844503,-1.447889848125362,1579539801.269426
2.5329121339396883,-1.240632782283872,1579539801.3193917
2.601120233497922,-1.0333838667994895,1579539801.369391
2.669309283207357,-0.8261195020575256,1579539801.4194078
2.790115317457478,-0.7163034763051461,1579539801.469452
2.883593409395446,-0.6571591478465125,1579539801.5194564
2.9770583729272744,-0.5980119763776119,1579539801.5693758
3.0705249431899078,-0.5388660197889783,1579539801.6193738
3.163995154001913,-0.4797237355729501,1579539801.6694274
3.274149618799819,-0.4514836711749134,1579539801.7193775
3.3463994989932964,-0.4934195058872284,1579539801.7694097
3.4186396497234717,-0.5353544687424894,1579539801.8193798
3.4908987461635586,-0.5772912851228902,1579539801.8694203
3.563143775891735,-0.619225452257754,1579539801.919446
3.599754627142205,-0.5951110313775323,1579539801.9693918
3.6124243488335206,-0.615225791262606,1579539802.0194511
3.625133160845076,-0.6353481356229654,1579539802.0694087
3.6378306327440715,-0.655468041727313,1579539802.119377
3.6505291326897837,-0.675587805997908,1579539802.1694412
3.648498534014427,-0.6684364295283489,1579539802.2194269
3.6346224419807567,-0.6832230273132927,1579539802.2693534
3.620755837691508,-0.6980114840376276,1579539802.3193762
3.606877062205779,-0.7127977191600249,1579539802.3694193
3.593016548183148,-0.7275869429553292,1579539802.4193764
3.577229384975001,-0.7388565600626765,1579539802.4694114
3.569916174443655,-0.7344967687030028,1579539802.519375
3.562567686764886,-0.7301297140138094,1579539802.5693758
3.555229354871364,-0.7257647889510784,1579539802.6194263
3.547912687547712,-0.7214042319223118,1579539802.6693742
3.5447619566074717,-0.7247961005262143,1579539802.7194028
3.536846118901511,-0.7370384602034665,1579539802.7694206
3.5289230725416436,-0.7492792835062227,1579539802.8193772
3.521005519796666,-0.7615212744161524,1579539802.8693788
3.5130597608342584,-0.7737562294842725,1579539802.919492
3.505034183543665,-0.7857613864812163,1579539802.9693806
3.4895850753042907,-0.81145598952247,1579539803.0194187
3.4741411947244774,-0.8371515163865694,1579539803.069463
3.4587003901682714,-0.8628476708527205,1579539803.1194272
3.4432440551735315,-0.8885407352687115,1579539803.1694465
3.4255815933835176,-0.9101168624536209,1579539803.2194014
3.4160910769144723,-0.9165406022979025,1579539803.2693746
3.4067312637986427,-0.92272186677117,1579539803.3193815
3.3973687853997943,-0.9289024050852177,1579539803.3694146
3.388033558040421,-0.9350897540430259,1579539803.4193773
3.378915848338913,-0.9417511170606916,1579539803.4693758
3.376299356038258,-0.9364185624892365,1579539803.5193741
3.3947522886131516,-0.8920576272082906,1579539803.5694458
3.4132072541043748,-0.8476969642685793,1579539803.619428
3.43166545600296,-0.8033367617321336,1579539803.6693811
3.457064090289301,-0.7718244225142399,1579539803.7193623
3.482453653565647,-0.7403105610529318,1579539803.76942
3.530301126297159,-0.6672249849338854,1579539803.8193815
3.578144733529961,-0.594139733415775,1579539803.869376
3.625991794965193,-0.5210547438951142,1579539803.9194803
3.6538665935429884,-0.41100113568696783,1579539803.9693766
3.681745597519341,-0.3009478355581757,1579539804.01944
3.690849184711361,-0.22568107857977648,1579539804.0693882
3.6999506352350258,-0.1504139972174281,1579539804.1193745
3.709044905562378,-0.07514667975181215,1579539804.1694207
3.698833837400174,0.03587722477765175,1579539804.2193756
3.6886231436087775,0.14689830815963495,1579539804.2693756
3.646801769868072,0.1993800903760198,1579539804.319374
3.604977728095135,0.25186070992510057,1579539804.3693779
3.563151726709177,0.30434159478256817,1579539804.4194021
3.542343548209407,0.31791671519003123,1579539804.469364
3.517407438878942,0.3391273230881357,1579539804.5193758
3.4892601047099405,0.3543985856513271,1579539804.569376
3.46111748348013,0.36967038831059457,1579539804.6193776
3.432973490141223,0.384941839645527,1579539804.6694458
3.4188961985428072,0.37415398095707914,1579539804.719407
3.404375062401584,0.36421641905621155,1579539804.7693763
3.399918907923982,0.3729425261979299,1579539804.8194027
3.3954705285946645,0.38166934185676593,1579539804.8693986
3.3910228322917764,0.3903962710421762,1579539804.919378
3.3865714025425575,0.39912286717981554,1579539804.9693806
3.383692403956409,0.4049407386601937,1579539805.0193753
3.382905408350192,0.4146367145764295,1579539805.0694244
3.382120322023165,0.42433310180715433,1579539805.1194253
3.3813362770435216,0.4340294859213884,1579539805.1694279
3.380551584154164,0.4437258314622888,1579539805.2194285
3.3805493109640787,0.45196745131646493,1579539805.2694206
3.3800271005590514,0.45923984724768535,1579539805.3194027
3.3795025824498257,0.46651188796348014,1579539805.3693776
3.3789775217368305,0.47378388985077396,1579539805.419409
3.378453325361585,0.48105603305222605,1579539805.4694393
3.379758460319798,0.48493397927747883,1579539805.519421
3.3810777798274283,0.4888140326825251,1579539805.569377
3.382381395826311,0.4926917439695026,1579539805.6194487
3.3836922101904103,0.49657051651083955,1579539805.669439
3.384999471314655,0.500448755855983,1579539805.7194507
3.3849333247497593,0.5068724664545267,1579539805.7694504
3.384408236956667,0.5124476015860652,1579539805.8194208
3.3838880354254135,0.5180234631672503,1579539805.869441
3.3833696785197858,0.5235996415802815,1579539805.9194033
3.382843268481396,0.529174556557233,1579539805.969418
3.381994708200575,0.5353562531374507,1579539806.0194998
3.38048192391161,0.5403244324634939,1579539806.069422
3.3789802636291935,0.545294354977138,1579539806.1193972
3.3774739641942917,0.550263538776251,1579539806.1693926
3.3759693683219574,0.5552329747773591,1579539806.2193854
3.3741994594244735,0.5606866641208953,1579539806.2694023
3.373222689493,0.5675961510533374,1579539806.3193703
3.3722385342563763,0.5745043300659614,1579539806.3693929
3.3712510506239304,0.5814119707675052,1579539806.4193983
3.370274782152768,0.5883215106514023,1579539806.4693768
3.3692293993756204,0.5953516318007759,1579539806.5193741
3.3683859315975706,0.603397662945319,1579539806.5694392
3.368310281287922,0.6115923416597171,1579539806.6194491
3.3678529079676935,0.6197131053232302,1579539806.6695511
3.367392947121044,0.6278333527843655,1579539806.7194238
3.368705380078107,0.6326821270074545,1579539806.7694197
3.3698182287858707,0.6371667493302167,1579539806.819419
3.370926769280856,0.6416504611759457,1579539806.8694403
3.372043186104833,0.6461356979650281,1579539806.9193826
3.3731556780641476,0.6506202345080002,1579539806.9694204
3.3733528765079415,0.6568018015309371,1579539807.019375
3.3723585185137153,0.6601477859083376,1579539807.0694041
3.370604104830764,0.6633467802109078,1579539807.1193929
3.369227055320679,0.6666187428237564,1579539807.1694233
