v_c,w_c,t_c
0.0,0.0,1579539746.415985
0.0,0.0,1579539746.447001
0.0,0.0,1579539746.514091
0.0,0.0,1579539746.586196
0.0,0.0,1579539746.657068
0.0,0.0,1579539746.687916
0.0,0.0,1579539746.759265
0.0,0.0,1579539746.82497
0.0,0.0,1579539746.85692
0.0,0.0,1579539746.922576
0.0,0.0,1579539746.989983
0.0,0.0,1579539747.064016
0.0,0.0,1579539747.096016
0.0,0.0,1579539747.16127
0.0,0.0,1579539747.229133
0.0,0.0,1579539747.303071
0.0,0.0,1579539747.393059
0.0,0.0,1579539747.46896
0.0,0.0,1579539747.512912
0.0,0.0,1579539747.543078
0.0,0.0,1579539747.632925
0.0,0.0,1579539747.709033
0.0,0.0,1579539747.75292
0.0,0.0,1579539747.782883
0.0,0.0,1579539747.872927
0.0,0.0,1579539747.949139
0.0,0.0,1579539747.992959
0.0,0.0,1579539748.02297
0.0,0.0,1579539748.113001
0.0,0.0,1579539748.188927
0.0,0.0,1579539748.233077
0.0,0.0,1579539748.263004
0.0,0.0,1579539748.296085
0.0,0.0,1579539748.361358
0.0,0.0,1579539748.430832
0.0,0.0,1579539748.50516
0.0,0.0,1579539748.592072
0.0,0.0,1579539748.670941
0.0,0.0,1579539748.714778
0.0,0.0,1579539748.744935
0.0,0.0,1579539748.832902
0.0,0.0,1579539748.909044
0.0,0.0,1579539748.953067
0.0,0.0,1579539748.982777
0.0,0.0,1579539749.072791
0.0,0.0,1579539749.148847
0.0,0.0,1579539749.192891
0.0,0.0,1579539749.22306
0.0,0.0,1579539749.312832
0.0,0.0,1579539749.389035
0.0,0.0,1579539749.432882
0.0,0.0,1579539749.463008
0.0,0.0,1579539749.552846
0.0,0.0,1579539749.628824
0.0,0.0,1579539749.672875
0.0,0.0,1579539749.702974
0.0,0.0,1579539749.778745
0.0,0.0,1579539749.809892
0.0,0.0,1579539749.877376
0.0,0.0,1579539749.94791
0.0,0.0,1579539749.988813
0.0,0.0,1579539750.049832
0.0,0.0,1579539750.080903
0.0,0.0,1579539750.116992
0.0,0.0,1579539750.157794
0.0,0.0,1579539750.187959
0.0,0.0,1579539750.228792
0.0,0.0,1579539750.258879
0.0,0.0,1579539750.28979
0.0,0.0,1579539750.357153
0.0,0.0,1579539750.427832
0.0,0.0,1579539750.468807
0.0,0.0,1579539750.530115
0.0,0.0,1579539750.560782
0.0,0.0,1579539750.596955
0.0,0.0,1579539750.637838
0.0,0.0,1579539750.669017
0.0,0.0,1579539750.708829
0.0,0.0,1579539750.738885
0.0,0.0,1579539750.771092
0.0,0.0,1579539750.83714
0.0,0.0,1579539750.882663
0.0,0.0,1579539750.912734
0.0,0.0,1579539750.948993
0.0,0.0,1579539751.011007
0.0,0.0,1579539751.077071
0.0,0.0,1579539751.152854
0.0,0.0,1579539751.188791
0.0,0.0,1579539751.250956
0.0,0.0,1579539751.281936
0.0,0.0,1579539751.316982
0.0,0.0,1579539751.363021
0.0,0.0,1579539751.428779
0.0,0.0,1579539751.458771
0.0,0.0,1579539751.52165
0.0,0.0,1579539751.602677
0.0,0.0,1579539751.669647
0.0,0.0,1579539751.699739
0.0,0.0,1579539751.765017
0.0,0.0,1579539751.843083
0.0,0.0,1579539751.909717
0.0,0.0,1579539751.939719
0.0,0.0,1579539752.002849
0.0,0.0,1579539752.08379
0.0,0.0,1579539752.149729
0.0,0.0,1579539752.179876
0.0,0.0,1579539752.245883
0.0,0.0,1579539752.323805
0.0,0.0,1579539752.389832
0.0,0.0,1579539752.41978
0.0,0.0,1579539752.486005
0.0,0.0,1579539752.563771
0.0,0.0,1579539752.629734
0.0,0.0,1579539752.659705
-0.0,-0.0482093021273613,1579539752.722653
-0.0,-0.0482093021273613,1579539752.803734
-0.0,-0.0482093021273613,1579539752.869617
-0.0,-0.0482093021273613,1579539752.89981
-0.0,-0.0482093021273613,1579539752.962979
-0.0,-0.0482093021273613,1579539753.043784
-0.0,-0.0482093021273613,1579539753.110778
0.0309916939586401,-0.0482093021273613,1579539753.140764
-0.0,-0.05853971838951111,1579539753.206157
0.0309916939586401,-0.0413222573697567,1579539753.283695
-0.0,-0.0482093021273613,1579539753.355818
-0.0,-0.0413222573697567,1579539753.416726
0.04476577788591385,-0.0413222573697567,1579539753.447764
0.10674916952848434,-0.0482093021273613,1579539753.524886
0.17217592895030975,-0.0482093021273613,1579539753.595966
0.2031676173210144,-0.03099154494702816,1579539753.656899
0.2100546658039093,-0.0413222573697567,1579539753.687582
0.22727227210998535,-0.0482093021273613,1579539753.764591
0.26170748472213745,-0.0413222573697567,1579539753.835688
0.2582639753818512,-0.0482093021273613,1579539753.896677
0.26170748472213745,-0.0482093021273613,1579539753.927829
0.2926991879940033,-0.03099154494702816,1579539754.004617
0.32369086146354675,-0.0482093021273613,1579539754.075669
0.43732693791389465,-0.0413222573697567,1579539754.137052
0.45110100507736206,-0.0413222573697567,1579539754.167843
0.557850182056427,-0.0482093021273613,1579539754.244884
0.6542688012123108,-0.0413222573697567,1579539754.315698
0.6783734560012817,-0.0413222573697567,1579539754.376672
0.6783734560012817,-0.0482093021273613,1579539754.407684
0.6852604746818542,-0.0413222573697567,1579539754.484746
0.6921475529670715,-0.0413222573697567,1579539754.555684
0.7162520289421082,-0.0482093021273613,1579539754.616705
0.7231390476226807,-0.0482093021273613,1579539754.647575
0.8436623215675354,-0.0413222573697567,1579539754.724659
0.8815410733222961,-0.0413222573697567,1579539754.795588
0.8367753028869629,-0.0482093021273613,1579539754.856796
0.8230012059211731,-0.05853971838951111,1579539754.887671
0.8298882246017456,-0.0482093021273613,1579539754.964723
0.8574364185333252,-0.0413222573697567,1579539755.036631
0.8677669763565063,-0.0413222573697567,1579539755.097711
0.8677669763565063,-0.0413222573697567,1579539755.12873
0.8505493402481079,-0.0482093021273613,1579539755.204567
0.9194198250770569,-0.0413222573697567,1579539755.2766
0.8953151702880859,-0.0413222573697567,1579539755.33777
0.8953151702880859,-0.0413222573697567,1579539755.368623
0.8884280920028687,-0.0482093021273613,1579539755.444645
0.9331938624382019,-0.0482093021273613,1579539755.516489
0.9435244202613831,-0.0413222573697567,1579539755.577607
0.9435244202613831,-0.0413222573697567,1579539755.608624
0.9331938624382019,-0.0413222573697567,1579539755.68487
0.9435244202613831,-0.0482093021273613,1579539755.756707
0.9504114985466003,-0.0482093021273613,1579539755.8178
0.9504114985466003,-0.0482093021273613,1579539755.851708
0.9710724949836731,-0.0413222573697567,1579539755.929653
0.9710724949836731,-0.0413222573697567,1579539755.996659
1.0330559015274048,-0.0482093021273613,1579539756.059131
1.0399428606033325,-0.0413222573697567,1579539756.089805
1.0399428606033325,-0.0413222573697567,1579539756.170652
1.0468299388885498,-0.0482093021273613,1579539756.236507
1.0847086906433105,-0.0413222573697567,1579539756.298744
1.0778216123580933,-0.0482093021273613,1579539756.332623
1.1398050785064697,-0.05853971838951111,1579539756.410642
1.236223578453064,-0.0413222573697567,1579539756.476631
1.267215371131897,-0.0482093021273613,1579539756.538816
1.2741023302078247,-0.03099154494702816,1579539756.569526
1.294763445854187,-0.0413222573697567,1579539756.65053
1.311980962753296,-0.0413222573697567,1579539756.716603
1.3395291566848755,-0.0413222573697567,1579539756.784953
1.3464161157608032,-0.0413222573697567,1579539756.81561
1.370520830154419,-0.0482093021273613,1579539756.878597
1.3774079084396362,-0.0482093021273613,1579539756.908612
1.3774079084396362,-0.0413222573697567,1579539756.970835
1.4221736192703247,-0.0482093021273613,1579539757.046572
1.4221736192703247,-0.0482093021273613,1579539757.077587
1.3946254253387451,-0.05853971838951111,1579539757.141879
1.3946254253387451,-0.1239667758345604,1579539757.175678
1.4152865409851074,-0.3236907124519348,1579539757.239608
1.4015125036239624,-0.3891177773475647,1579539757.269471
1.3877384662628174,-0.6680428981781006,1579539757.331742
1.370520830154419,-0.6887040138244629,1579539757.406597
1.3636337518692017,-0.6990343928337097,1579539757.445855
1.3567466735839844,-0.7196955680847168,1579539757.507567
1.3567466735839844,-0.7196955680847168,1579539757.538644
1.3464161157608032,-0.6473817229270935,1579539757.613796
1.3464161157608032,-0.6542688012123108,1579539757.643751
1.3326420783996582,-0.6990343928337097,1579539757.67667
1.3395291566848755,-0.6990343928337097,1579539757.706644
1.3464161157608032,-0.6887040138244629,1579539757.741035
1.3395291566848755,-0.6473817229270935,1579539757.804822
1.3395291566848755,-0.6026158332824707,1579539757.835489
1.3016505241394043,-0.3099166452884674,1579539757.897683
1.3016505241394043,-0.2444898784160614,1579539757.928518
1.267215371131897,-0.03099154494702816,1579539757.972671
1.249997615814209,-0.03099154494702816,1579539758.00258
1.2293366193771362,0.2031676173210144,1579539758.065604
1.2293366193771362,0.22038522362709045,1579539758.09875
1.1914578676223755,0.2858121395111084,1579539758.162813
1.174240231513977,0.3064732551574707,1579539758.193654
1.1466920375823975,0.35123905539512634,1579539758.255574
1.129474401473999,0.37190017104148865,1579539758.286584
1.0984827280044556,0.5027538537979126,1579539758.332464
1.0984827280044556,0.49242326617240906,1579539758.362626
1.053717017173767,0.5957289338111877,1579539758.42651
1.053717017173767,0.5750678181648254,1579539758.458791
1.053717017173767,0.6990343928337097,1579539758.521655
1.0399428606033325,0.6990343928337097,1579539758.552637
0.9435244202613831,0.705921471118927,1579539758.614538
0.9435244202613831,0.7438002228736877,1579539758.645539
0.7816789150238037,0.7816789150238037,1579539758.688605
0.7610177993774414,0.7988965511322021,1579539758.718503
0.7369131445884705,0.8092271089553833,1579539758.752494
0.7231390476226807,0.8092271089553833,1579539758.816746
0.6783734560012817,0.7713483572006226,1579539758.880775
0.6783734560012817,0.7920094728469849,1579539758.911669
0.6542688012123108,0.7713483572006226,1579539758.973569
0.6645993590354919,0.7438002228736877,1579539759.004567
0.6336076855659485,0.6232770681381226,1579539759.047787
0.6267206072807312,0.6129465103149414,1579539759.07749
0.6198335886001587,0.6026159524917603,1579539759.112688
0.5750678181648254,0.5199714303016663,1579539759.176664
0.5130844116210938,0.37878721952438354,1579539759.24068
0.5130844116210938,0.3340214490890503,1579539759.271549
0.533745527267456,0.1756194531917572,1579539759.333595
0.533745527267456,0.12052325159311295,1579539759.364346
0.4820927083492279,-0.0413222573697567,1579539759.407514
0.475205659866333,-0.03099154494702816,1579539759.43745
0.45110100507736206,-0.0413222573697567,1579539759.471677
0.4889797568321228,-0.0413222573697567,1579539759.536025
0.3684566617012024,-0.03099154494702816,1579539759.599773
0.3615696132183075,-0.03099154494702816,1579539759.633711
0.3615696132183075,-0.03099154494702816,1579539759.697405
0.3615696132183075,-0.0413222573697567,1579539759.727408
0.33057790994644165,-0.0413222573697567,1579539759.767555
0.30991679430007935,-0.0413222573697567,1579539759.797522
0.2926991879940033,-0.0413222573697567,1579539759.830708
0.22727227210998535,-0.0413222573697567,1579539759.89496
0.1893935352563858,-0.0482093021273613,1579539759.958677
0.17217592895030975,-0.0413222573697567,1579539759.992467
0.12741029262542725,-0.03099154494702816,1579539760.056462
0.10674916952848434,-0.0413222573697567,1579539760.086667
-0.0,-0.0413222573697567,1579539760.126527
-0.0,-0.0413222573697567,1579539760.156499
-0.0,-0.03099154494702816,1579539760.190408
-0.0,-0.03099154494702816,1579539760.254659
-0.0,-0.0413222573697567,1579539760.318697
-0.0,-0.0413222573697567,1579539760.352708
0.0,0.0,1579539760.413465
0.0,0.0,1579539760.44452
0.0,0.0,1579539760.486473
0.0,0.0,1579539760.516455
0.0,0.0,1579539760.551444
0.0,0.0,1579539760.614654
0.0,0.0,1579539760.679575
0.0,0.0,1579539760.756458
0.0,0.0,1579539760.791573
0.0,0.0,1579539760.855136
0.0,0.0,1579539760.919563
0.0,0.0,1579539760.953521
0.0,0.0,1579539761.017354
0.0,0.0,1579539761.047908
0.0,0.0,1579539761.086337
0.0,0.0,1579539761.116458
0.0,0.0,1579539761.150517
0.0,0.0,1579539761.214845
0.0,0.0,1579539761.278568
0.0,0.0,1579539761.309349
0.0,0.0,1579539761.371387
0.0,0.0,1579539761.402499
0.0,0.0,1579539761.445345
0.0,0.0,1579539761.475512
0.0,0.0,1579539761.509346
0.0,0.0,1579539761.573648
0.0,0.0,1579539761.60439
0.0,0.0,1579539761.637708
0.0,0.0,1579539761.668601
0.0,0.0,1579539761.699392
0.0,0.0,1579539761.76146
0.0,0.0,1579539761.835393
0.0,0.0,1579539761.868495
0.0,0.0,1579539761.932791
0.0,0.0,1579539761.963402
0.0,0.0,1579539761.996735
0.0,0.0,1579539762.02733
0.0,0.0,1579539762.058359
0.0,0.0,1579539762.120501
0.0,0.0,1579539762.196403
0.0,0.0,1579539762.230301
0.0,0.0,1579539762.291803
0.0,0.0,1579539762.322244
0.0,0.0,1579539762.356591
0.0,0.0,1579539762.387368
0.0,0.0,1579539762.41854
0.0,0.0,1579539762.480254
0.0,0.0,1579539762.553361
0.0,0.0,1579539762.58731
0.0,0.0,1579539762.651564
0.0,0.0,1579539762.682556
0.0,0.0,1579539762.749616
0.0,0.0,1579539762.779417
0.0,0.0,1579539762.84331
0.0,0.0,1579539762.912307
0.0,0.0,1579539762.946326
0.0,0.0,1579539763.015715
0.0,0.0,1579539763.077299
0.0,0.0,1579539763.108631
0.0,0.0,1579539763.186342
0.0,0.0,1579539763.255426
0.0,0.0,1579539763.324349
0.0,0.0,1579539763.399315
0.0,0.0,1579539763.433217
0.0,0.0,1579539763.494406
0.0,0.0,1579539763.528496
0.0,0.0,1579539763.606341
0.0,0.0,1579539763.671309
0.0,0.0,1579539763.701425
0.0,0.0,1579539763.765481
0.0,0.0,1579539763.799512
0.0,0.0,1579539763.846521
0.0,0.0,1579539763.876264
0.0,0.0,1579539763.911488
0.0,0.0,1579539763.974431
0.0,0.0,1579539764.040749
0.0,0.0,1579539764.116417
0.0,0.0,1579539764.152423
0.0,0.0,1579539764.214781
0.0,0.0,1579539764.280421
0.0,0.0,1579539764.356267
0.0,0.0,1579539764.392376
0.0,0.0,1579539764.455704
0.0,0.0,1579539764.520568
0.0,0.0,1579539764.597276
0.0,0.0,1579539764.632203
0.0,0.0,1579539764.69543
0.0,0.0,1579539764.760406
0.0,0.0,1579539764.837242
0.0,0.0,1579539764.872189
0.0,0.0,1579539764.935479
0.0,0.0,1579539765.000422
0.0,0.0,1579539765.077338
0.0,0.0,1579539765.112192
0.0,0.0,1579539765.175499
0.0,0.0,1579539765.240419
0.0,0.0,1579539765.317253
0.0,0.0,1579539765.352209
0.0,0.0,1579539765.41541
0.0,0.0,1579539765.481406
0.0,0.0,1579539765.557266
0.0,0.0,1579539765.593185
0.0,0.0,1579539765.655558
0.0,0.0,1579539765.686586
0.0,0.0,1579539765.767439
0.0,0.0,1579539765.833275
0.0,0.0,1579539765.863261
0.0,0.0,1579539765.896406
0.0,0.0,1579539765.927282
0.0,0.0,1579539765.9614
0.0,0.0,1579539766.008221
0.0,0.0,1579539766.038249
0.0,0.0,1579539766.073415
0.0,0.0,1579539766.136362
0.0,0.0,1579539766.167615
0.0,0.0,1579539766.248242
0.0,0.0,1579539766.313101
0.0,0.0,1579539766.343251
0.0,0.0,1579539766.37648
0.0,0.0,1579539766.407257
0.0,0.0,1579539766.441411
0.0,0.0,1579539766.488137
0.0,0.0,1579539766.518149
0.0,0.0,1579539766.553093
0.0,0.0,1579539766.616385
0.0,0.0,1579539766.650273
0.0,0.0,1579539766.728215
0.0,0.0,1579539766.793171
0.0,0.0,1579539766.8232
0.0,0.0,1579539766.856379
0.0,0.0,1579539766.887177
0.0,0.0,1579539766.92247
0.0,0.0,1579539766.968364
0.0,0.0,1579539766.99834
0.0,0.0,1579539767.034133
0.0,0.0,1579539767.096628
0.0,0.0,1579539767.127162
0.0,0.0,1579539767.208252
0.0,0.0,1579539767.274094
0.0,0.0,1579539767.304179
0.0,0.0,1579539767.337454
0.0,0.0,1579539767.368237
0.0,0.0,1579539767.402293
0.0,0.0,1579539767.449176
0.0,0.0,1579539767.479305
0.0,0.0,1579539767.514196
0.0,0.0,1579539767.57731
0.0,0.0,1579539767.611271
0.0,0.0,1579539767.689095
0.0,0.0,1579539767.754117
0.0,0.0,1579539767.784081
0.0,0.0,1579539767.817316
0.0,0.0,1579539767.84829
0.0,0.0,1579539767.882255
0.0,0.0,1579539767.92932
0.0,0.0,1579539767.959202
0.0,0.0,1579539767.994146
0.0,0.0,1579539768.057342
0.0,0.0,1579539768.088084
0.0,0.0,1579539768.169122
0.0,0.0,1579539768.234151
0.0,0.0,1579539768.264408
0.0,0.0,1579539768.297466
0.0,0.0,1579539768.331254
0.0,0.0,1579539768.363267
0.0,0.0,1579539768.409155
0.0,0.0,1579539768.43902
0.0,0.0,1579539768.475064
0.0,0.0,1579539768.537301
0.0,0.0,1579539768.568311
0.0,0.0,1579539768.649376
0.0,0.0,1579539768.715106
0.0,0.0,1579539768.745122
0.0,0.0,1579539768.778361
0.0,0.0,1579539768.81216
0.0,0.0,1579539768.843263
0.0,0.0,1579539768.890204
0.0,0.0,1579539768.920034
0.0,0.0,1579539768.955074
0.0,0.0,1579539769.018324
0.0,0.0,1579539769.052375
0.0,0.0,1579539769.130113
0.0,0.0,1579539769.195138
0.0,0.0,1579539769.225208
0.0,0.0,1579539769.258427
0.0,0.0,1579539769.28909
0.0,0.0,1579539769.323384
0.0,0.0,1579539769.370074
0.0,0.0,1579539769.400339
0.0,0.0,1579539769.435032
0.0,0.0,1579539769.498379
0.0,0.0,1579539769.529096
0.0,0.0,1579539769.610008
0.0,0.0,1579539769.675085
0.0,0.0,1579539769.705105
0.0,0.0,1579539769.738347
0.0,0.0,1579539769.772164
0.0,0.0,1579539769.804479
0.0,0.0,1579539769.850295
0.0,0.0,1579539769.880093
0.0,0.0,1579539769.94608
0.0,0.0,1579539769.978335
0.12373847514390945,-0.08764786273241043,1579539770.044217
0.12373847514390945,-0.07218077778816223,1579539770.120218
0.08249231427907944,-0.07218077778816223,1579539770.186038
0.08249231427907944,-0.06186923757195473,1579539770.219253
-0.0,-0.07218077778816223,1579539770.28421
0.1907634735107422,-0.06186923757195473,1579539770.361098
0.32481327652931213,-0.06186923757195473,1579539770.426199
0.39183828234672546,-0.06186923757195473,1579539770.459416
0.6857169270515442,-0.06186923757195473,1579539770.52444
0.8661688566207886,-0.06186923757195473,1579539770.601014
0.9125707745552063,-0.06186923757195473,1579539770.666105
0.9125707745552063,-0.06186923757195473,1579539770.699204
0.9022592306137085,-0.06186923757195473,1579539770.764322
1.149735927581787,-0.07218077778816223,1579539770.841246
1.242539882659912,-0.06186923757195473,1579539770.906022
1.2322282791137695,-0.07218077778816223,1579539770.939245
1.3095648288726807,-0.04640170559287071,1579539771.004254
1.4333033561706543,-0.06186923757195473,1579539771.080977
1.6034435033798218,-0.06186923757195473,1579539771.146202
1.6601569652557373,-0.06186923757195473,1579539771.179597
1.8973222970962524,-0.06186923757195473,1579539771.245175
2.3252511024475098,-0.06186923757195473,1579539771.321253
2.4386777877807617,-0.06186923757195473,1579539771.387098
2.448989152908325,-0.07218077778816223,1579539771.419136
2.706777572631836,-0.07218077778816223,1579539771.485285
2.897541046142578,-0.06186923757195473,1579539771.561024
3.438896656036377,-0.06186923757195473,1579539771.627251
3.474987030029297,-0.07218077778816223,1579539771.660305
3.7173080444335938,-0.06186923757195473,1579539771.725075
3.7173080444335938,-0.06186923757195473,1579539771.801962
3.7173080444335938,-0.06186923757195473,1579539771.866979
3.7173080444335938,-0.07218077778816223,1579539771.900156
3.7173080444335938,-0.07218077778816223,1579539771.965187
3.7173080444335938,-0.06186923757195473,1579539772.041911
3.7173080444335938,-0.06186923757195473,1579539772.107033
3.7173080444335938,-0.06186923757195473,1579539772.145372
3.7173080444335938,-0.06186923757195473,1579539772.20711
3.7173080444335938,-0.04640170559287071,1579539772.237985
3.7173080444335938,-0.06186923757195473,1579539772.313933
3.7173080444335938,-0.06186923757195473,1579539772.344076
3.7173080444335938,-0.04640170559287071,1579539772.378021
3.7173080444335938,-0.04640170559287071,1579539772.408384
3.7173080444335938,-0.0,1579539772.442044
3.7173080444335938,1.0311534404754639,1579539772.506169
3.7173080444335938,1.2683186531066895,1579539772.537045
3.7173080444335938,2.443833589553833,1579539772.599012
3.7173080444335938,2.72224497795105,1579539772.629933
3.7173080444335938,3.1656408309936523,1579539772.675954
3.7173080444335938,3.268756151199341,1579539772.706095
3.7173080444335938,3.6193482875823975,1579539772.770031
3.7173080444335938,3.706996440887451,1579539772.802246
3.7173080444335938,3.835890531539917,1579539772.866337
3.7173080444335938,3.835890531539917,1579539772.896923
3.7173080444335938,3.8874480724334717,1579539772.958967
3.7173080444335938,3.8874480724334717,1579539772.990199
3.7173080444335938,3.8874480724334717,1579539773.035934
3.7173080444335938,3.8874480724334717,1579539773.065996
3.7173080444335938,3.041902542114258,1579539773.130267
3.7173080444335938,2.6809988021850586,1579539773.162723
3.7173080444335938,0.8919476866722107,1579539773.225169
3.7173080444335938,0.5001094341278076,1579539773.255939
3.7173080444335938,-0.06186923757195473,1579539773.317997
3.7173080444335938,-0.06186923757195473,1579539773.349037
3.7173080444335938,-0.04640170559287071,1579539773.394875
3.7173080444335938,-0.06186923757195473,1579539773.424916
3.7173080444335938,-0.06186923757195473,1579539773.489205
3.7173080444335938,-0.07218077778816223,1579539773.521058
3.7173080444335938,-0.7372748255729675,1579539773.585376
3.7173080444335938,-0.8816359639167786,1579539773.615975
3.7173080444335938,-1.5261069536209106,1579539773.677893
3.7173080444335938,-1.6343783140182495,1579539773.708885
3.7173080444335938,-2.1499547958374023,1579539773.752035
3.7173080444335938,-2.2479143142700195,1579539773.783151
3.7173080444335938,-2.6964659690856934,1579539773.846108
3.7173080444335938,-2.742868185043335,1579539773.879263
3.7173080444335938,-3.0419023036956787,1579539773.943548
3.7173080444335938,-3.0419023036956787,1579539773.973846
3.7173080444335938,-3.1501736640930176,1579539774.036012
3.7173080444335938,-3.139862060546875,1579539774.067176
3.7173080444335938,-3.217198610305786,1579539774.110912
3.7173080444335938,-3.196575403213501,1579539774.140882
3.7173080444335938,-3.1501736640930176,1579539774.174956
3.7173080444335938,-1.917945384979248,1579539774.239172
3.7173080444335938,-1.4693937301635742,1579539774.270618
3.7173080444335938,-0.5104209780693054,1579539774.351078
3.7173080444335938,-0.07218077778816223,1579539774.416073
3.7173080444335938,-0.07218077778816223,1579539774.479295
3.7173080444335938,-0.07218077778816223,1579539774.510047
3.7173080444335938,-0.08764786273241043,1579539774.590951
3.7173080444335938,-0.07218077778816223,1579539774.655972
3.813326835632324,-0.07404522597789764,1579539774.720206
3.813326835632324,-0.06346733123064041,1579539774.750951
3.9642140865325928,-0.07697506994009018,1579539774.81496
4.012223720550537,-0.07790730148553848,1579539774.846001
4.1116719245910645,-0.06843286007642746,1579539774.90806
4.1116719245910645,-0.0798383355140686,1579539774.980873
4.1116719245910645,-0.0798383355140686,1579539775.045916
4.1116719245910645,-0.09694629907608032,1579539775.079188
4.1116719245910645,-0.06843286007642746,1579539775.144088
4.259129524230957,-0.07088708132505417,1579539775.22112
4.506035804748535,-0.0749964714050293,1579539775.286112
4.5540452003479,-0.08842810988426208,1579539775.319121
4.653493404388428,-0.0903591439127922,1579539775.383918
4.653493404388428,-0.0903591439127922,1579539775.460915
4.653493404388428,-0.077450692653656,1579539775.525824
4.653493404388428,-0.10972154140472412,1579539775.55908
4.653493404388428,-0.0903591439127922,1579539775.624471
4.852390289306641,-0.09422121942043304,1579539775.700779
4.951838493347168,-0.11675601452589035,1579539775.766831
4.951838493347168,-0.09615225344896317,1579539775.799076
4.951838493347168,-0.09615225344896317,1579539775.865106
4.951838493347168,-0.23351262509822845,1579539775.941079
4.951838493347168,-1.710135579109192,1579539776.006879
4.951838493347168,-1.9436482191085815,1579539776.039123
4.951838493347168,-3.2210991382598877,1579539776.110244
4.951838493347168,-4.065864562988281,1579539776.181847
4.951838493347168,-4.5328898429870605,1579539776.251785
4.951838493347168,-4.519153594970703,1579539776.282866
4.951838493347168,-4.519153594970703,1579539776.350075
4.951838493347168,-4.519153594970703,1579539776.422113
4.951838493347168,-4.519153594970703,1579539776.491941
4.951838493347168,-4.519153594970703,1579539776.522894
4.951838493347168,-4.5328898429870605,1579539776.590051
4.951838493347168,-4.519153594970703,1579539776.661773
4.951838493347168,-4.519153594970703,1579539776.731944
4.951838493347168,-4.519153594970703,1579539776.762845
4.951838493347168,-4.5328898429870605,1579539776.830279
4.951838493347168,-4.5328898429870605,1579539776.901755
4.951838493347168,-4.519153594970703,1579539776.971994
4.951838493347168,-4.5328898429870605,1579539777.002835
4.951838493347168,-4.519153594970703,1579539777.07016
4.951838493347168,-4.5328898429870605,1579539777.141862
4.951838493347168,-4.5328898429870605,1579539777.211836
4.951838493347168,-4.519153594970703,1579539777.242869
4.951838493347168,-4.5328898429870605,1579539777.310049
4.951838493347168,-4.5328898429870605,1579539777.381683
4.951838493347168,-4.5328898429870605,1579539777.451958
4.951838493347168,-4.5328898429870605,1579539777.482997
4.951838493347168,-4.54662561416626,1579539777.55014
4.951838493347168,-4.5328898429870605,1579539777.621665
4.951838493347168,-4.5328898429870605,1579539777.691774
4.951838493347168,-4.519153594970703,1579539777.722906
4.951838493347168,-4.5328898429870605,1579539777.789941
4.951838493347168,-4.519153594970703,1579539777.861861
4.883158206939697,-4.519153594970703,1579539777.931817
4.828214168548584,-4.519153594970703,1579539777.962872
4.553493499755859,-4.54662561416626,1579539778.029975
4.148280620574951,-4.519153594970703,1579539778.101697
3.784276008605957,-4.5328898429870605,1579539778.171787
3.708728075027466,-4.5328898429870605,1579539778.202838
3.1867587566375732,-4.519153594970703,1579539778.270402
2.596109628677368,-4.5328898429870605,1579539778.341729
2.0398001670837402,-4.519153594970703,1579539778.412777
1.923044204711914,-4.519153594970703,1579539778.443808
1.6208513975143433,-4.519153594970703,1579539778.510985
1.5590392351150513,-4.5328898429870605,1579539778.581771
1.6551915407180786,-4.519153594970703,1579539778.652851
1.6826635599136353,-4.519153594970703,1579539778.683721
1.9985921382904053,-3.8529560565948486,1579539778.751199
2.376332998275757,-2.9189062118530273,1579539778.822655
2.616713523864746,-1.7994195222854614,1579539778.892678
2.657921552658081,-1.710135579109192,1579539778.923743
2.8090178966522217,-1.2774507999420166,1579539778.990915
2.987586498260498,-1.0302021503448486,1579539779.062889
3.0768704414367676,-1.0851463079452515,1579539779.132654
3.0974748134613037,-1.0988823175430298,1579539779.163823
3.1592864990234375,-1.0988823175430298,1579539779.231002
3.1867587566375732,-1.174430251121521,1579539779.302604
3.2485709190368652,-1.215638279914856,1579539779.372957
3.2485709190368652,-1.291186809539795,1579539779.406017
3.1867587566375732,-1.8543636798858643,1579539779.470973
2.8570940494537354,-2.596109628677368,1579539779.517711
2.7472057342529297,-2.7678098678588867,1579539779.547761
2.657921552658081,-2.9189062118530273,1579539779.582702
2.27331280708313,-3.2073628902435303,1579539779.645796
2.190896511077881,-3.234835147857666,1579539779.679895
2.1222164630889893,-3.330986738204956,1579539779.757846
2.27331280708313,-3.2829108238220215,1579539779.82278
2.3419930934906006,-3.1661548614501953,1579539779.852671
2.884566068649292,-2.2183682918548584,1579539779.91667
3.21423077583313,-1.4972273111343384,1579539779.997621
3.454611301422119,-1.2637147903442383,1579539780.062639
3.4683470726013184,-1.2293744087219238,1579539780.092846
3.502687454223633,-1.3049228191375732,1579539780.159786
3.502687454223633,-1.291186809539795,1579539780.237723
3.516423463821411,-1.0164661407470703,1579539780.303826
3.502687454223633,-0.9546542167663574,1579539780.333694
3.5301594734191895,-0.7074055671691895,1579539780.399677
3.557631731033325,-0.6661974787712097,1579539780.477758
3.619443416595459,-0.5769129395484924,1579539780.544744
3.640047788619995,-0.5631768703460693,1579539780.574671
3.708728075027466,-0.6181210279464722,1579539780.637634
3.784276008605957,-0.7554814219474792,1579539780.718729
3.8323521614074707,-0.7760857343673706,1579539780.784884
3.846088171005249,-0.7760857343673706,1579539780.814793
3.8323521614074707,-0.7760857343673706,1579539780.881728
3.8941643238067627,-0.6387253999710083,1579539780.959692
4.045260429382324,-0.09615225344896317,1579539781.024747
4.072732925415039,-0.08241622149944305,1579539781.054566
4.189488887786865,0.10302027314901352,1579539781.121656
4.237565040588379,0.17856846749782562,1579539781.199594
4.251300811767578,0.2884564697742462,1579539781.264704
4.251300811767578,0.2884564697742462,1579539781.294541
4.251300811767578,0.6112533211708069,1579539781.358647
4.251300811767578,1.0920143127441406,1579539781.43958
4.237565040588379,1.4422829151153564,1579539781.504913
4.237565040588379,1.5933793783187866,1579539781.5348
4.251300811767578,1.9367799758911133,1579539781.598692
4.2238287925720215,1.971119999885559,1579539781.67957
4.2238287925720215,1.9848560094833374,1579539781.744647
4.2238287925720215,1.9848560094833374,1579539781.774601
4.251300811767578,1.916176199913025,1579539781.84193
4.2238287925720215,1.6895315647125244,1579539781.919661
4.113940715789795,1.0576741695404053,1579539781.985589
4.100204944610596,0.982125997543335,1579539782.015696
3.9353723526000977,0.7211416363716125,1579539782.052916
3.8941643238067627,0.7211416363716125,1579539782.083472
3.8598241806030273,0.7211416363716125,1579539782.11472
3.5919713973999023,0.6112533211708069,1579539782.177808
3.4889514446258545,0.5700452327728271,1579539782.208846
3.317250967025757,0.5494411587715149,1579539782.283773
3.1592864990234375,0.5494411587715149,1579539782.34769
3.1867587566375732,0.5700452327728271,1579539782.377567
3.021926164627075,0.5494411587715149,1579539782.444059
3.008190155029297,0.5288370847702026,1579539782.473846
2.7472057342529297,0.4395528733730316,1579539782.535705
2.719733715057373,0.4258168339729309,1579539782.566654
2.6853935718536377,0.3502686321735382,1579539782.640438
2.7059977054595947,0.32966458797454834,1579539782.704487
2.7334697246551514,0.3090605139732361,1579539782.73458
2.719733715057373,0.2884564697742462,1579539782.799686
2.7678098678588867,0.2884564697742462,1579539782.866573
2.7678098678588867,0.2884564697742462,1579539782.896513
2.7678098678588867,0.24038062989711761,1579539782.960703
2.781545877456665,0.24038062989711761,1579539783.029776
2.781545877456665,0.24038062989711761,1579539783.063585
2.82275390625,0.2129085659980774,1579539783.12781
2.82275390625,0.24038062989711761,1579539783.158565
2.781545877456665,0.17856846749782562,1579539783.192891
2.7472057342529297,0.17856846749782562,1579539783.239479
2.7059977054595947,0.19917252659797668,1579539783.304562
2.719733715057373,0.2129085659980774,1579539783.334654
2.7334697246551514,0.17856846749782562,1579539783.398755
2.7059977054595947,0.08928423374891281,1579539783.479643
2.6716575622558594,0.06868018209934235,1579539783.544557
2.657921552658081,0.06868018209934235,1579539783.574593
2.6441855430603027,-0.08241622149944305,1579539783.638568
2.6716575622558594,-0.09615225344896317,1579539783.719543
2.7059977054595947,-0.09615225344896317,1579539783.784557
2.7059977054595947,-0.09615225344896317,1579539783.814698
2.6441855430603027,-0.7760857343673706,1579539783.878451
2.6304495334625244,-1.5933796167373657,1579539783.959531
2.6304495334625244,-2.3076529502868652,1579539784.025703
2.616713523864746,-2.3832008838653564,1579539784.055573
2.6853935718536377,-2.657921552658081,1579539784.121715
2.7472057342529297,-2.9944541454315186,1579539784.199699
2.7059977054595947,-2.9326422214508057,1579539784.265566
2.6853935718536377,-2.9326422214508057,1579539784.295804
2.657921552658081,-2.9189062118530273,1579539784.362717
2.6441855430603027,-2.843357801437378,1579539784.440578
2.6441855430603027,-2.760942220687866,1579539784.505517
2.6441855430603027,-2.74033784866333,1579539784.535506
2.657921552658081,-2.5686376094818115,1579539784.599604
2.6441855430603027,-2.58237361907959,1579539784.680515
2.6441855430603027,-2.554901599884033,1579539784.745722
2.6304495334625244,-2.554901599884033,1579539784.775547
2.616713523864746,-2.541165590286255,1579539784.839472
2.6441855430603027,-2.4656169414520264,1579539784.920352
2.6441855430603027,-2.335124969482422,1579539784.985422
2.6441855430603027,-2.369464874267578,1579539785.015537
2.657921552658081,-2.3832008838653564,1579539785.082599
2.6716575622558594,-2.369464874267578,1579539785.160401
2.6716575622558594,-2.369464874267578,1579539785.225486
2.6441855430603027,-2.3832008838653564,1579539785.255521
2.657921552658081,-2.3832008838653564,1579539785.319562
2.657921552658081,-2.369464874267578,1579539785.400519
2.657921552658081,-2.369464874267578,1579539785.466489
2.657921552658081,-2.3488609790802,1579539785.496414
2.6853935718536377,-2.3488609790802,1579539785.559456
2.6853935718536377,-2.369464874267578,1579539785.640476
2.6853935718536377,-2.335124969482422,1579539785.706425
2.6853935718536377,-2.335124969482422,1579539785.736576
2.6853935718536377,-2.3488609790802,1579539785.800602
2.6853935718536377,-2.3488609790802,1579539785.83463
2.7059977054595947,-2.335124969482422,1579539785.88153
2.7059977054595947,-2.335124969482422,1579539785.911394
2.7059977054595947,-2.335124969482422,1579539785.946636
2.719733715057373,-2.335124969482422,1579539786.009762
2.719733715057373,-2.3488609790802,1579539786.040385
2.719733715057373,-2.3488609790802,1579539786.074792
2.719733715057373,-2.335124969482422,1579539786.121258
2.719733715057373,-2.3488609790802,1579539786.186518
2.719733715057373,-2.3213889598846436,1579539786.216462
2.7334697246551514,-2.3488609790802,1579539786.28438
2.7334697246551514,-2.3488609790802,1579539786.314754
2.7472057342529297,-2.335124969482422,1579539786.378705
2.7472057342529297,-2.3213889598846436,1579539786.412597
2.7334697246551514,-2.3488609790802,1579539786.481568
2.7472057342529297,-2.335124969482422,1579539786.545456
2.7334697246551514,-2.3488609790802,1579539786.575357
2.7334697246551514,-2.369464874267578,1579539786.643549
2.7472057342529297,-2.3488609790802,1579539786.67398
2.7334697246551514,-2.3488609790802,1579539786.735695
2.7334697246551514,-2.369464874267578,1579539786.766363
2.7472057342529297,-2.3832008838653564,1579539786.841416
2.7678098678588867,-2.3488609790802,1579539786.906363
2.7472057342529297,-2.3488609790802,1579539786.936717
2.7334697246551514,-2.369464874267578,1579539787.000398
2.7472057342529297,-2.3488609790802,1579539787.034556
2.7472057342529297,-2.3488609790802,1579539787.081326
2.7472057342529297,-2.335124969482422,1579539787.111335
2.7472057342529297,-2.335124969482422,1579539787.146448
2.7334697246551514,-2.3488609790802,1579539787.210697
2.7472057342529297,-2.335124969482422,1579539787.27463
2.7472057342529297,-2.3488609790802,1579539787.308467
2.7472057342529297,-2.3488609790802,1579539787.36936
2.7334697246551514,-2.3488609790802,1579539787.400704
2.719733715057373,-2.369464874267578,1579539787.444412
2.7334697246551514,-2.369464874267578,1579539787.477597
2.719733715057373,-2.369464874267578,1579539787.508374
2.719733715057373,-2.369464874267578,1579539787.570605
2.719733715057373,-2.369464874267578,1579539787.634626
2.719733715057373,-2.3832008838653564,1579539787.668486
2.719733715057373,-2.3488609790802,1579539787.729614
2.719733715057373,-2.3832008838653564,1579539787.760364
2.719733715057373,-2.369464874267578,1579539787.801327
2.7334697246551514,-2.369464874267578,1579539787.831311
2.719733715057373,-2.369464874267578,1579539787.866359
2.7472057342529297,-2.3488609790802,1579539787.929557
2.7334697246551514,-2.369464874267578,1579539787.960589
2.7472057342529297,-2.369464874267578,1579539787.994711
2.7472057342529297,-2.3832008838653564,1579539788.041432
2.7334697246551514,-2.293916940689087,1579539788.106404
2.7472057342529297,-2.293916940689087,1579539788.136379
2.719733715057373,-2.252708673477173,1579539788.200432
2.719733715057373,-2.2183682918548584,1579539788.235507
2.719733715057373,-2.087876319885254,1579539788.281262
2.719733715057373,-1.9299122095108032,1579539788.311548
2.7472057342529297,-1.8131556510925293,1579539788.347384
2.7678098678588867,-1.0576741695404053,1579539788.409841
2.7952818870544434,-0.41894879937171936,1579539788.47674
2.8090178966522217,-0.08241622149944305,1579539788.551405
2.8090178966522217,-0.08241622149944305,1579539788.588272
2.884566068649292,0.2747207283973694,1579539788.650571
2.8983020782470703,0.7554817199707031,1579539788.721559
2.925773859024048,1.3392629623413086,1579539788.792645
2.925773859024048,1.8337600231170654,1579539788.863592
2.925773859024048,1.9367799758911133,1579539788.894328
2.8090178966522217,2.5068252086639404,1579539788.961794
2.541165590286255,3.1386828422546387,1579539789.032361
2.3900692462921143,3.330986976623535,1579539789.103386
2.3625969886779785,3.3653271198272705,1579539789.135898
2.3625969886779785,3.420271158218384,1579539789.201421
2.4038052558898926,3.420271158218384,1579539789.277334
2.417541265487671,3.3859312534332275,1579539789.343381
2.431277275085449,3.4065351486206055,1579539789.375414
2.431277275085449,3.330986976623535,1579539789.441543
2.4656174182891846,3.3103830814361572,1579539789.517274
2.4656174182891846,3.2897789478302,1579539789.583457
2.479353427886963,3.2897789478302,1579539789.615539
2.493089199066162,3.1798908710479736,1579539789.682439
2.596109628677368,3.1386828422546387,1579539789.757426
2.7334697246551514,2.7884140014648438,1579539789.824468
2.7334697246551514,2.678525686264038,1579539789.855658
2.82275390625,2.1153483390808105,1579539789.922535
2.925773859024048,1.7582117319107056,1579539789.997267
2.987586498260498,1.7788158655166626,1579539790.064267
3.008190155029297,1.7582117319107056,1579539790.09647
3.0356621742248535,1.79941987991333,1579539790.162433
3.049398183822632,1.79941987991333,1579539790.238451
3.0768704414367676,1.8200238943099976,1579539790.30429
3.0974748134613037,1.8200238943099976,1579539790.336734
3.0974748134613037,1.8749680519104004,1579539790.399358
3.0974748134613037,1.916176199913025,1579539790.429233
3.0974748134613037,1.916176199913025,1579539790.49152
3.0974748134613037,2.026064157485962,1579539790.568302
3.0974748134613037,2.026064157485962,1579539790.598281
3.0768704414367676,2.005460023880005,1579539790.639416
3.0974748134613037,2.026064157485962,1579539790.669317
3.0768704414367676,2.0398001670837402,1579539790.700253
3.0631344318389893,2.0398001670837402,1579539790.767466
3.049398183822632,2.0398001670837402,1579539790.838401
3.0631344318389893,2.0604043006896973,1579539790.9094
3.049398183822632,2.0398001670837402,1579539790.940428
3.049398183822632,2.0398001670837402,1579539791.007646
3.049398183822632,2.0604043006896973,1579539791.078194
3.021926164627075,2.0398001670837402,1579539791.149269
3.021926164627075,2.0398001670837402,1579539791.180394
2.9189062118530273,2.0810084342956543,1579539791.247497
2.719733715057373,2.0604043006896973,1579539791.318292
2.58237361907959,2.0810084342956543,1579539791.389265
2.541165590286255,2.1016123294830322,1579539791.420296
2.417541265487671,2.1359524726867676,1579539791.487426
2.3282570838928223,2.1359524726867676,1579539791.558405
2.3007848262786865,2.149688482284546,1579539791.629267
2.3007848262786865,2.1359524726867676,1579539791.660274
2.27331280708313,2.1359524726867676,1579539791.728467
2.2389726638793945,2.1359524726867676,1579539791.798271
2.163424491882324,2.1359524726867676,1579539791.870277
2.1222164630889893,2.1359524726867676,1579539791.901281
1.923044204711914,2.149688482284546,1579539791.968377
1.79941987991333,2.149688482284546,1579539792.038266
1.7719478607177734,2.170292615890503,1579539792.110393
1.79941987991333,2.211500644683838,1579539792.14128
1.79941987991333,2.170292615890503,1579539792.20862
1.8200238943099976,2.190896511077881,1579539792.279205
1.8474960327148438,2.190896511077881,1579539792.350172
1.8200238943099976,2.170292615890503,1579539792.381084
1.8200238943099976,2.170292615890503,1579539792.448569
1.8474960327148438,2.190896511077881,1579539792.519172
1.8474960327148438,2.225236654281616,1579539792.590271
1.861232042312622,2.225236654281616,1579539792.621208
1.8955721855163574,2.225236654281616,1579539792.688354
1.971119999885559,2.170292615890503,1579539792.75915
2.0329322814941406,2.0398001670837402,1579539792.830321
2.0398001670837402,2.0398001670837402,1579539792.862357
2.149688482284546,1.8955721855163574,1579539792.928541
2.252708673477173,1.7788158655166626,1579539792.974186
2.287048816680908,1.7582117319107056,1579539793.004135
2.287048816680908,1.7582117319107056,1579539793.040173
2.3419930934906006,1.5933793783187866,1579539793.102294
2.3419930934906006,1.5933793783187866,1579539793.136292
2.4518814086914062,1.5796432495117188,1579539793.168484
2.4518814086914062,1.5796432495117188,1579539793.214098
2.5136935710906982,1.5796432495117188,1579539793.280137
2.541165590286255,1.5796432495117188,1579539793.310179
2.616713523864746,1.5933793783187866,1579539793.376139
2.719733715057373,1.5796432495117188,1579539793.454119
2.7952818870544434,1.5796432495117188,1579539793.520701
2.8090178966522217,1.5590392351150513,1579539793.550308
2.925773859024048,1.462886929512024,1579539793.613213
2.987586498260498,1.3736029863357544,1579539793.694511
3.0356621742248535,1.4079428911209106,1579539793.760114
3.021926164627075,1.3736029863357544,1579539793.790221
3.008190155029297,1.3736029863357544,1579539793.853231
3.049398183822632,1.4079428911209106,1579539793.934058
3.0768704414367676,1.3736029863357544,1579539794.000222
3.0974748134613037,1.3736029863357544,1579539794.030137
3.111210823059082,1.3942067623138428,1579539794.093158
3.111210823059082,1.352998971939087,1579539794.176062
3.1386828422546387,1.3736029863357544,1579539794.240179
3.1386828422546387,1.3736029863357544,1579539794.270557
3.173022508621216,1.352998971939087,1579539794.334059
3.173022508621216,1.3392629623413086,1579539794.4152
3.1867587566375732,1.3942067623138428,1579539794.481168
3.2004947662353516,1.3942067623138428,1579539794.511106
3.21423077583313,1.6345874071121216,1579539794.577641
3.21423077583313,1.668927550315857,1579539794.655081
3.2485709190368652,1.5933793783187866,1579539794.72097
3.2485709190368652,1.5590392351150513,1579539794.751443
3.2623069286346436,1.5796432495117188,1579539794.815143
3.2897789478302,1.4422829151153564,1579539794.896072
3.3035149574279785,1.352998971939087,1579539794.960999
3.337855100631714,1.3186589479446411,1579539794.991134
3.379063129425049,1.1263543367385864,1579539795.055174
3.4271392822265625,0.982125997543335,1579539795.136295
3.440875291824341,0.74174565076828,1579539795.202108
3.440875291824341,0.7005375623703003,1579539795.232058
3.4889514446258545,0.3846087157726288,1579539795.295041
3.5919713973999023,0.12362432479858398,1579539795.376013
3.743067741394043,-0.08241622149944305,1579539795.442032
3.7705399990081787,-0.061811868101358414,1579539795.472108
3.8323521614074707,-0.061811868101358414,1579539795.53511
3.8735601902008057,-0.08241622149944305,1579539795.617288
3.9834485054016113,-0.08241622149944305,1579539795.682269
3.9971845149993896,-0.09615225344896317,1579539795.71213
4.113940715789795,-0.08241622149944305,1579539795.776073
4.134544372558594,-0.08241622149944305,1579539795.810357
4.2238287925720215,-0.09615225344896317,1579539795.857099
4.2238287925720215,-0.09615225344896317,1579539795.887264
4.237565040588379,-0.08241622149944305,1579539795.92183
4.354321002960205,-0.19230450689792633,1579539795.986205
4.443605422973633,-0.5357054471969604,1579539796.050416
4.443605422973633,-0.6181210279464722,1579539796.081043
4.443605422973633,-0.796689510345459,1579539796.143122
4.443605422973633,-0.8241615891456604,1579539796.174087
4.443605422973633,-1.0714102983474731,1579539796.217111
4.436737537384033,-1.112618327140808,1579539796.247027
4.436737537384033,-1.1332221031188965,1579539796.281928
4.402397155761719,-1.3942067623138428,1579539796.345189
4.3886613845825195,-1.4354149103164673,1579539796.376237
4.313113212585449,-1.6277194023132324,1579539796.410186
4.299376964569092,-1.6551915407180786,1579539796.456932
4.134544372558594,-1.8887040615081787,1579539796.521951
4.086468696594238,-1.984856367111206,1579539796.552239
3.5919713973999023,-2.2046329975128174,1579539796.617246
3.502687454223633,-2.2183682918548584,1579539796.651377
3.1386828422546387,-2.293916940689087,1579539796.698295
3.0631344318389893,-2.293916940689087,1579539796.727983
3.021926164627075,-2.293916940689087,1579539796.762982
2.8090178966522217,-2.3076529502868652,1579539796.828418
2.7334697246551514,-2.3488609790802,1579539796.891267
2.7059977054595947,-2.369464874267578,1579539796.921983
2.6441855430603027,-2.3832008838653564,1579539796.984294
2.6441855430603027,-2.410672903060913,1579539797.015021
2.6441855430603027,-2.410672903060913,1579539797.061201
2.6304495334625244,-2.3969368934631348,1579539797.091015
2.6441855430603027,-2.3969368934631348,1579539797.125016
2.6304495334625244,-2.410672903060913,1579539797.187294
2.616713523864746,-2.410672903060913,1579539797.22099
2.6304495334625244,-2.410672903060913,1579539797.282152
2.6304495334625244,-2.410672903060913,1579539797.313026
2.616713523864746,-2.3832008838653564,1579539797.374994
2.596109628677368,-2.3969368934631348,1579539797.448015
2.616713523864746,-2.3969368934631348,1579539797.483064
2.596109628677368,-2.3832008838653564,1579539797.546589
2.596109628677368,-2.3488609790802,1579539797.61117
2.5686376094818115,-2.369464874267578,1579539797.641902
2.493089199066162,-2.335124969482422,1579539797.70409
2.4656174182891846,-2.369464874267578,1579539797.738205
2.314520835876465,-2.335124969482422,1579539797.77912
2.287048816680908,-2.335124969482422,1579539797.809044
2.211500644683838,-2.3213889598846436,1579539797.880124
2.1771605014801025,-2.3213889598846436,1579539797.911246
2.163424491882324,-2.335124969482422,1579539797.976983
2.1771605014801025,-2.3076529502868652,1579539798.051153
2.225236654281616,-2.3076529502868652,1579539798.138049
2.2389726638793945,-2.3076529502868652,1579539798.201307
2.2389726638793945,-2.3076529502868652,1579539798.231051
2.27331280708313,-2.3076529502868652,1579539798.296925
2.252708673477173,-2.293916940689087,1579539798.333897
2.287048816680908,-2.3213889598846436,1579539798.37796
2.27331280708313,-2.3213889598846436,1579539798.408175
2.27331280708313,-2.3213889598846436,1579539798.497995
2.190896511077881,-2.3213889598846436,1579539798.573996
2.1222164630889893,-2.3076529502868652,1579539798.618017
2.1016123294830322,-2.3076529502868652,1579539798.647949
2.0329322814941406,-2.3213889598846436,1579539798.738017
1.971119999885559,-2.3213889598846436,1579539798.814284
1.8474960327148438,-2.293916940689087,1579539798.858093
1.8337600231170654,-2.2801809310913086,1579539798.887946
1.6551915407180786,-2.293916940689087,1579539798.979072
1.5590392351150513,-2.293916940689087,1579539799.053937
1.4903590679168701,-2.293916940689087,1579539799.099012
1.5040950775146484,-2.2801809310913086,1579539799.128976
1.5040950775146484,-2.293916940689087,1579539799.2191
1.5040950775146484,-2.293916940689087,1579539799.29401
1.668927550315857,-2.252708673477173,1579539799.339099
1.730739712715149,-2.252708673477173,1579539799.369059
2.1016123294830322,-2.1771609783172607,1579539799.458988
2.5274295806884766,-2.046668291091919,1579539799.534024
2.8364899158477783,-1.7994195222854614,1579539799.57996
2.8708300590515137,-1.737607717514038,1579539799.60996
3.0356621742248535,-1.3667347431182861,1579539799.700045
3.1249468326568604,-0.9546542167663574,1579539799.773982
3.2623069286346436,-0.5769129395484924,1579539799.820389
3.2897789478302,-0.5494414567947388,1579539799.85
3.4889514446258545,-0.508233368396759,1579539799.939983
3.708728075027466,-0.6043850183486938,1579539800.013893
3.8735601902008057,-0.6387253999710083,1579539800.060079
3.9216363430023193,-0.679933488368988,1579539800.089896
4.010920524597168,-1.0576741695404053,1579539800.179963
3.846088171005249,-1.6551915407180786,1579539800.25377
3.0631344318389893,-2.0604043006896973,1579539800.30002
2.8983020782470703,-2.1222167015075684,1579539800.330116
2.1771605014801025,-2.3488609790802,1579539800.420608
1.8818360567092896,-2.3488609790802,1579539800.49383
1.8200238943099976,-2.3969368934631348,1579539800.539783
1.8474960327148438,-2.3488609790802,1579539800.570095
1.9985921382904053,-2.2664449214935303,1579539800.659898
2.252708673477173,-1.8887040615081787,1579539800.733993
2.657921552658081,-1.2019022703170776,1579539800.794983
2.719733715057373,-1.0714102983474731,1579539800.82609
3.0974748134613037,-0.6181210279464722,1579539800.901047
3.1386828422546387,-0.5906489491462708,1579539800.930878
3.3035149574279785,-0.5769129395484924,1579539800.973801
3.337855100631714,-0.5769129395484924,1579539801.003983
3.351591110229492,-0.6043850183486938,1579539801.034899
3.5301594734191895,-0.6387253999710083,1579539801.103019
3.6537837982177734,-0.6661974787712097,1579539801.170886
3.804879903793335,-0.7417453527450562,1579539801.260805
3.8117480278015137,-0.8241615891456604,1579539801.334918
3.8598241806030273,-0.872238039970398,1579539801.380832
